path,label,pred,correct,prob_0,prob_1,prob_2,prob_3,prob_4,prob_5
D:\OneDrive\Desktop\TEP-VEA\EmotionROI\images\sadness\232.jpg,4,2,0,0.04935788,0.00158189,0.48695415,0.07711447,0.37941238,0.00557930
D:\OneDrive\Desktop\TEP-VEA\EmotionROI\images\anger\232.jpg,0,2,0,0.23057511,0.00339309,0.59648240,0.02289494,0.14447173,0.00218269
D:\OneDrive\Desktop\TEP-VEA\EmotionROI\images\surprise\232.jpg,5,2,0,0.23214039,0.00282991,0.55589020,0.05152432,0.14307193,0.01454324
D:\OneDrive\Desktop\TEP-VEA\EmotionROI\images\disgust\232.jpg,1,2,0,0.06090506,0.13035838,0.60081822,0.03408380,0.15380222,0.02003235
D:\OneDrive\Desktop\TEP-VEA\EmotionROI\images\fear\232.jpg,2,2,1,0.30206499,0.00360596,0.61563224,0.00682624,0.06961176,0.00225880
D:\OneDrive\Desktop\TEP-VEA\EmotionROI\images\fear\233.jpg,2,2,1,0.05972727,0.00043157,0.85055327,0.00712568,0.08022591,0.00193637
D:\OneDrive\Desktop\TEP-VEA\EmotionROI\images\anger\233.jpg,0,2,0,0.08651294,0.00028516,0.85979420,0.01741857,0.03285907,0.00313013
D:\OneDrive\Desktop\TEP-VEA\EmotionROI\images\disgust\233.jpg,1,2,0,0.09552961,0.19161674,0.52098328,0.07444806,0.08761980,0.02980248
D:\OneDrive\Desktop\TEP-VEA\EmotionROI\images\joy\232.jpg,3,2,0,0.06425687,0.00219060,0.64346284,0.15852638,0.12669802,0.00486532
D:\OneDrive\Desktop\TEP-VEA\EmotionROI\images\anger\234.jpg,0,2,0,0.38950083,0.00605830,0.48412779,0.02379232,0.09322208,0.00329870
D:\OneDrive\Desktop\TEP-VEA\EmotionROI\images\surprise\233.jpg,5,2,0,0.29639134,0.00482411,0.60622120,0.02113167,0.03089497,0.04053680
D:\OneDrive\Desktop\TEP-VEA\EmotionROI\images\sadness\233.jpg,4,4,1,0.01125033,0.00007996,0.03085956,0.00084748,0.95692378,0.00003883
D:\OneDrive\Desktop\TEP-VEA\EmotionROI\images\joy\233.jpg,3,2,0,0.07385053,0.00144312,0.73087603,0.02823580,0.16021982,0.00537468
D:\OneDrive\Desktop\TEP-VEA\EmotionROI\images\disgust\234.jpg,1,2,0,0.01886257,0.01005481,0.91509080,0.01234000,0.04229318,0.00135864
D:\OneDrive\Desktop\TEP-VEA\EmotionROI\images\surprise\234.jpg,5,2,0,0.32570070,0.00496478,0.43167269,0.08024977,0.08259062,0.07482146
D:\OneDrive\Desktop\TEP-VEA\EmotionROI\images\fear\234.jpg,2,2,1,0.08503766,0.00436801,0.87252665,0.00272893,0.03387568,0.00146307
D:\OneDrive\Desktop\TEP-VEA\EmotionROI\images\joy\234.jpg,3,3,1,0.03634318,0.00204555,0.24585810,0.62461722,0.08304586,0.00809014
D:\OneDrive\Desktop\TEP-VEA\EmotionROI\images\sadness\234.jpg,4,2,0,0.05246766,0.00039803,0.81185967,0.01791555,0.11439075,0.00296844
D:\OneDrive\Desktop\TEP-VEA\EmotionROI\images\anger\235.jpg,0,2,0,0.26717329,0.00362497,0.67712533,0.01697470,0.03076783,0.00433378
D:\OneDrive\Desktop\TEP-VEA\EmotionROI\images\anger\236.jpg,0,2,0,0.43252712,0.00020770,0.55362779,0.00168933,0.00983107,0.00211704
D:\OneDrive\Desktop\TEP-VEA\EmotionROI\images\joy\235.jpg,3,2,0,0.04883382,0.00174756,0.44182923,0.32157287,0.17693742,0.00907909
D:\OneDrive\Desktop\TEP-VEA\EmotionROI\images\disgust\235.jpg,1,2,0,0.12969884,0.22173077,0.43622497,0.08173952,0.10086776,0.02973822
D:\OneDrive\Desktop\TEP-VEA\EmotionROI\images\fear\235.jpg,2,2,1,0.07310030,0.00068847,0.80905324,0.02960057,0.05721536,0.03034205
D:\OneDrive\Desktop\TEP-VEA\EmotionROI\images\sadness\235.jpg,4,2,0,0.01352273,0.00027449,0.96951002,0.00092089,0.01561818,0.00015371
D:\OneDrive\Desktop\TEP-VEA\EmotionROI\images\disgust\236.jpg,1,2,0,0.28565490,0.00600940,0.59837884,0.05026510,0.05306875,0.00662303
D:\OneDrive\Desktop\TEP-VEA\EmotionROI\images\surprise\235.jpg,5,2,0,0.08265369,0.00179314,0.54514861,0.16128543,0.05030372,0.15881537
D:\OneDrive\Desktop\TEP-VEA\EmotionROI\images\fear\236.jpg,2,2,1,0.07014097,0.00125346,0.80967182,0.01277102,0.09107438,0.01508834
D:\OneDrive\Desktop\TEP-VEA\EmotionROI\images\surprise\236.jpg,5,2,0,0.13884176,0.00112722,0.72083586,0.03182217,0.05915258,0.04822040
D:\OneDrive\Desktop\TEP-VEA\EmotionROI\images\joy\236.jpg,3,2,0,0.04057525,0.00040843,0.51410091,0.36532938,0.06707936,0.01250673
D:\OneDrive\Desktop\TEP-VEA\EmotionROI\images\surprise\237.jpg,5,2,0,0.03117236,0.00923062,0.88987362,0.03695045,0.01762772,0.01514518
D:\OneDrive\Desktop\TEP-VEA\EmotionROI\images\fear\237.jpg,2,2,1,0.08665347,0.00147391,0.81813282,0.04129194,0.03857177,0.01387613
D:\OneDrive\Desktop\TEP-VEA\EmotionROI\images\anger\237.jpg,0,2,0,0.18806428,0.00040323,0.60528463,0.01629903,0.18809935,0.00184942
D:\OneDrive\Desktop\TEP-VEA\EmotionROI\images\sadness\236.jpg,4,2,0,0.11880096,0.00043268,0.75894284,0.00766577,0.11070006,0.00345775
D:\OneDrive\Desktop\TEP-VEA\EmotionROI\images\disgust\237.jpg,1,1,1,0.06088433,0.57349503,0.24091671,0.02896526,0.08566869,0.01006994
D:\OneDrive\Desktop\TEP-VEA\EmotionROI\images\joy\237.jpg,3,3,1,0.07103965,0.00183275,0.31909722,0.48517343,0.09644238,0.02641456
D:\OneDrive\Desktop\TEP-VEA\EmotionROI\images\sadness\237.jpg,4,2,0,0.16456909,0.01432476,0.71857834,0.01129053,0.07960858,0.01162878
D:\OneDrive\Desktop\TEP-VEA\EmotionROI\images\joy\238.jpg,3,3,1,0.11410242,0.00248971,0.16589816,0.47755733,0.21577509,0.02417721
D:\OneDrive\Desktop\TEP-VEA\EmotionROI\images\surprise\238.jpg,5,2,0,0.10494583,0.00061566,0.77053964,0.04548920,0.04396029,0.03444941
D:\OneDrive\Desktop\TEP-VEA\EmotionROI\images\fear\238.jpg,2,2,1,0.03942876,0.00383687,0.93310058,0.00431773,0.01891970,0.00039637
D:\OneDrive\Desktop\TEP-VEA\EmotionROI\images\disgust\238.jpg,1,2,0,0.06672769,0.02291180,0.80888909,0.01139075,0.08654641,0.00353421
D:\OneDrive\Desktop\TEP-VEA\EmotionROI\images\sadness\238.jpg,4,4,1,0.09728453,0.00240006,0.39667246,0.04669266,0.44039261,0.01655771
D:\OneDrive\Desktop\TEP-VEA\EmotionROI\images\anger\238.jpg,0,2,0,0.09213994,0.00179878,0.85594881,0.00867533,0.03632604,0.00511112
D:\OneDrive\Desktop\TEP-VEA\EmotionROI\images\disgust\239.jpg,1,2,0,0.10876245,0.30047986,0.54686373,0.01573578,0.02498477,0.00317333
D:\OneDrive\Desktop\TEP-VEA\EmotionROI\images\fear\239.jpg,2,2,1,0.01197444,0.00014101,0.97759652,0.00174498,0.00828655,0.00025653
D:\OneDrive\Desktop\TEP-VEA\EmotionROI\images\anger\239.jpg,0,2,0,0.26910621,0.00162354,0.50673336,0.06672029,0.13291632,0.02290032
D:\OneDrive\Desktop\TEP-VEA\EmotionROI\images\anger\240.jpg,0,2,0,0.34014052,0.00072829,0.38305160,0.20751944,0.04996642,0.01859368
D:\OneDrive\Desktop\TEP-VEA\EmotionROI\images\disgust\240.jpg,1,2,0,0.20885682,0.02463735,0.47193745,0.01995779,0.27021277,0.00439780
D:\OneDrive\Desktop\TEP-VEA\EmotionROI\images\surprise\239.jpg,5,2,0,0.03003569,0.00057052,0.87194848,0.06206632,0.03281243,0.00256666
D:\OneDrive\Desktop\TEP-VEA\EmotionROI\images\joy\239.jpg,3,3,1,0.02035970,0.00065181,0.35444090,0.41724959,0.20258994,0.00470809
D:\OneDrive\Desktop\TEP-VEA\EmotionROI\images\joy\240.jpg,3,3,1,0.04257920,0.00143504,0.31352258,0.37326458,0.24764033,0.02155829
D:\OneDrive\Desktop\TEP-VEA\EmotionROI\images\fear\240.jpg,2,2,1,0.01292801,0.00362923,0.95005107,0.00809723,0.02471867,0.00057573
D:\OneDrive\Desktop\TEP-VEA\EmotionROI\images\surprise\240.jpg,5,2,0,0.15695938,0.00017925,0.71743029,0.04292890,0.07417345,0.00832878
D:\OneDrive\Desktop\TEP-VEA\EmotionROI\images\sadness\239.jpg,4,2,0,0.06956092,0.00274663,0.76518857,0.01967769,0.12858763,0.01423855
D:\OneDrive\Desktop\TEP-VEA\EmotionROI\images\sadness\240.jpg,4,2,0,0.13227521,0.00119213,0.57720876,0.03084884,0.25678226,0.00169281
D:\OneDrive\Desktop\TEP-VEA\EmotionROI\images\joy\241.jpg,3,2,0,0.03348922,0.00226221,0.68139982,0.15541640,0.12296127,0.00447111
D:\OneDrive\Desktop\TEP-VEA\EmotionROI\images\fear\241.jpg,2,2,1,0.09453295,0.00320024,0.82500613,0.01995272,0.05576386,0.00154413
D:\OneDrive\Desktop\TEP-VEA\EmotionROI\images\anger\241.jpg,0,2,0,0.44287634,0.00322972,0.47763479,0.01642966,0.05878773,0.00104171
D:\OneDrive\Desktop\TEP-VEA\EmotionROI\images\sadness\241.jpg,4,2,0,0.02783439,0.00055046,0.85288072,0.00533707,0.11243785,0.00095951
D:\OneDrive\Desktop\TEP-VEA\EmotionROI\images\disgust\241.jpg,1,1,1,0.11041770,0.43200600,0.37236711,0.01290676,0.06999980,0.00230258
D:\OneDrive\Desktop\TEP-VEA\EmotionROI\images\fear\242.jpg,2,2,1,0.00018685,0.03865552,0.95303583,0.00598059,0.00214131,0.00000000
D:\OneDrive\Desktop\TEP-VEA\EmotionROI\images\disgust\242.jpg,1,2,0,0.07139220,0.02732120,0.71112090,0.03395011,0.15157394,0.00464165
D:\OneDrive\Desktop\TEP-VEA\EmotionROI\images\surprise\241.jpg,5,2,0,0.04222405,0.00996650,0.66207558,0.19974324,0.07674076,0.00924990
D:\OneDrive\Desktop\TEP-VEA\EmotionROI\images\anger\242.jpg,0,2,0,0.35525861,0.00170118,0.52615786,0.05040199,0.06417865,0.00230173
D:\OneDrive\Desktop\TEP-VEA\EmotionROI\images\joy\242.jpg,3,2,0,0.20982637,0.00315818,0.61040574,0.05849066,0.07866137,0.03945766
D:\OneDrive\Desktop\TEP-VEA\EmotionROI\images\surprise\242.jpg,5,2,0,0.21526845,0.00323549,0.62460703,0.04802841,0.07956834,0.02929226
D:\OneDrive\Desktop\TEP-VEA\EmotionROI\images\anger\243.jpg,0,2,0,0.06657059,0.00030182,0.87478882,0.00814984,0.04844190,0.00174696
D:\OneDrive\Desktop\TEP-VEA\EmotionROI\images\sadness\242.jpg,4,2,0,0.10011385,0.00046835,0.46413463,0.00468777,0.42957124,0.00102412
D:\OneDrive\Desktop\TEP-VEA\EmotionROI\images\sadness\243.jpg,4,4,1,0.02514453,0.00020184,0.34754327,0.00222075,0.62343651,0.00145312
D:\OneDrive\Desktop\TEP-VEA\EmotionROI\images\joy\243.jpg,3,2,0,0.09155255,0.11436236,0.38483390,0.35522521,0.04183395,0.01219210
D:\OneDrive\Desktop\TEP-VEA\EmotionROI\images\fear\243.jpg,2,2,1,0.05356859,0.00104893,0.85018277,0.01736446,0.07018239,0.00765286
D:\OneDrive\Desktop\TEP-VEA\EmotionROI\images\surprise\243.jpg,5,2,0,0.06324991,0.00236103,0.76914871,0.10199292,0.04646162,0.01678579
D:\OneDrive\Desktop\TEP-VEA\EmotionROI\images\disgust\243.jpg,1,2,0,0.31747159,0.01337322,0.61613292,0.00292301,0.03542950,0.01466976
D:\OneDrive\Desktop\TEP-VEA\EmotionROI\images\fear\244.jpg,2,2,1,0.06795801,0.00046276,0.68419462,0.03308405,0.15924665,0.05505389
D:\OneDrive\Desktop\TEP-VEA\EmotionROI\images\joy\244.jpg,3,2,0,0.16865632,0.00551685,0.49991325,0.03965408,0.26648426,0.01977519
D:\OneDrive\Desktop\TEP-VEA\EmotionROI\images\fear\245.jpg,2,2,1,0.10968207,0.00046944,0.85008299,0.01089735,0.02814594,0.00072223
D:\OneDrive\Desktop\TEP-VEA\EmotionROI\images\disgust\244.jpg,1,2,0,0.16199225,0.03098736,0.38796389,0.07087237,0.32409930,0.02408485
D:\OneDrive\Desktop\TEP-VEA\EmotionROI\images\surprise\244.jpg,5,2,0,0.04191344,0.00091700,0.91240907,0.00471379,0.03830171,0.00174494
D:\OneDrive\Desktop\TEP-VEA\EmotionROI\images\sadness\244.jpg,4,2,0,0.12022592,0.00055695,0.75169718,0.00351902,0.12157016,0.00243077
D:\OneDrive\Desktop\TEP-VEA\EmotionROI\images\anger\244.jpg,0,2,0,0.25025126,0.00645499,0.54750174,0.08136325,0.07958402,0.03484471
D:\OneDrive\Desktop\TEP-VEA\EmotionROI\images\disgust\245.jpg,1,1,1,0.08172204,0.50072062,0.29689425,0.02896550,0.08595747,0.00574014
D:\OneDrive\Desktop\TEP-VEA\EmotionROI\images\anger\245.jpg,0,2,0,0.27607912,0.00266079,0.68211550,0.02059854,0.01302026,0.00552579
D:\OneDrive\Desktop\TEP-VEA\EmotionROI\images\surprise\245.jpg,5,3,0,0.02087439,0.00102468,0.23153524,0.59845525,0.12212953,0.02598095
D:\OneDrive\Desktop\TEP-VEA\EmotionROI\images\surprise\246.jpg,5,2,0,0.06623280,0.00222791,0.61713284,0.12272351,0.18129753,0.01038536
D:\OneDrive\Desktop\TEP-VEA\EmotionROI\images\joy\245.jpg,3,3,1,0.08465176,0.00342322,0.27908298,0.47451815,0.13742259,0.02090124
D:\OneDrive\Desktop\TEP-VEA\EmotionROI\images\joy\246.jpg,3,2,0,0.26044497,0.00191558,0.60962266,0.00935632,0.11652404,0.00213645
D:\OneDrive\Desktop\TEP-VEA\EmotionROI\images\sadness\245.jpg,4,2,0,0.11763593,0.00116587,0.73878139,0.01702826,0.11725308,0.00813538
D:\OneDrive\Desktop\TEP-VEA\EmotionROI\images\anger\246.jpg,0,2,0,0.09584279,0.00048904,0.82809824,0.00801581,0.06087775,0.00667629
D:\OneDrive\Desktop\TEP-VEA\EmotionROI\images\sadness\246.jpg,4,2,0,0.03361540,0.00128998,0.70283115,0.04791834,0.21326683,0.00107830
D:\OneDrive\Desktop\TEP-VEA\EmotionROI\images\disgust\246.jpg,1,2,0,0.00207545,0.02372280,0.96486491,0.00550570,0.00378450,0.00004655
D:\OneDrive\Desktop\TEP-VEA\EmotionROI\images\fear\246.jpg,2,2,1,0.00089180,0.02520410,0.90015107,0.06491381,0.00883698,0.00000212
D:\OneDrive\Desktop\TEP-VEA\EmotionROI\images\joy\247.jpg,3,2,0,0.10053232,0.00318522,0.71046078,0.07613088,0.09871645,0.01097427
D:\OneDrive\Desktop\TEP-VEA\EmotionROI\images\disgust\247.jpg,1,2,0,0.09239925,0.18428075,0.47626230,0.19147252,0.04899678,0.00658834
D:\OneDrive\Desktop\TEP-VEA\EmotionROI\images\sadness\247.jpg,4,4,1,0.02466866,0.00022864,0.12377409,0.00178165,0.84915310,0.00039375
D:\OneDrive\Desktop\TEP-VEA\EmotionROI\images\surprise\247.jpg,5,3,0,0.03005794,0.00228911,0.39511940,0.46119359,0.08747467,0.02386535
D:\OneDrive\Desktop\TEP-VEA\EmotionROI\images\fear\247.jpg,2,2,1,0.16052246,0.00198303,0.75050157,0.02273859,0.05966581,0.00458858
D:\OneDrive\Desktop\TEP-VEA\EmotionROI\images\anger\247.jpg,0,2,0,0.25336680,0.00099068,0.63024843,0.03251242,0.08261686,0.00026477
D:\OneDrive\Desktop\TEP-VEA\EmotionROI\images\anger\248.jpg,0,2,0,0.36971661,0.00066649,0.52873331,0.03220526,0.04537765,0.02330067
D:\OneDrive\Desktop\TEP-VEA\EmotionROI\images\fear\248.jpg,2,2,1,0.03427048,0.00153223,0.94439816,0.00584754,0.01155505,0.00239650
D:\OneDrive\Desktop\TEP-VEA\EmotionROI\images\disgust\248.jpg,1,2,0,0.00322153,0.03464972,0.82196110,0.12280834,0.01734926,0.00001005
D:\OneDrive\Desktop\TEP-VEA\EmotionROI\images\fear\249.jpg,2,2,1,0.15327519,0.00248705,0.72828645,0.04846531,0.06059103,0.00689498
D:\OneDrive\Desktop\TEP-VEA\EmotionROI\images\disgust\249.jpg,1,1,1,0.08419118,0.48373935,0.33385637,0.04423382,0.02760511,0.02637417
D:\OneDrive\Desktop\TEP-VEA\EmotionROI\images\joy\248.jpg,3,3,1,0.06126747,0.00236284,0.29065704,0.53187269,0.09795914,0.01588082
D:\OneDrive\Desktop\TEP-VEA\EmotionROI\images\sadness\248.jpg,4,2,0,0.12546670,0.00017350,0.76714635,0.00141723,0.10541430,0.00038193
D:\OneDrive\Desktop\TEP-VEA\EmotionROI\images\surprise\248.jpg,5,2,0,0.16489404,0.00101399,0.58762640,0.08664159,0.06266361,0.09716032
D:\OneDrive\Desktop\TEP-VEA\EmotionROI\images\surprise\249.jpg,5,2,0,0.08987653,0.00231814,0.86533976,0.00946304,0.02843443,0.00456807
D:\OneDrive\Desktop\TEP-VEA\EmotionROI\images\joy\249.jpg,3,2,0,0.11663728,0.00056117,0.68304747,0.15222970,0.03745762,0.01006677
D:\OneDrive\Desktop\TEP-VEA\EmotionROI\images\sadness\249.jpg,4,2,0,0.11950968,0.00231497,0.51506072,0.03254113,0.32732219,0.00325125
D:\OneDrive\Desktop\TEP-VEA\EmotionROI\images\anger\249.jpg,0,2,0,0.31986913,0.00055839,0.55138195,0.03416728,0.07087992,0.02314338
D:\OneDrive\Desktop\TEP-VEA\EmotionROI\images\sadness\250.jpg,4,2,0,0.07311267,0.00276474,0.83400100,0.02236342,0.05797904,0.00977910
D:\OneDrive\Desktop\TEP-VEA\EmotionROI\images\anger\250.jpg,0,2,0,0.09180128,0.00037649,0.85490394,0.01993498,0.01702088,0.01596244
D:\OneDrive\Desktop\TEP-VEA\EmotionROI\images\anger\251.jpg,0,2,0,0.31853181,0.00367951,0.33922231,0.06254560,0.26964331,0.00637743
D:\OneDrive\Desktop\TEP-VEA\EmotionROI\images\fear\250.jpg,2,2,1,0.03345424,0.03969616,0.89451683,0.01070162,0.00767074,0.01396047
D:\OneDrive\Desktop\TEP-VEA\EmotionROI\images\fear\251.jpg,2,2,1,0.00230124,0.00177436,0.95968682,0.00544148,0.03079310,0.00000302
D:\OneDrive\Desktop\TEP-VEA\EmotionROI\images\disgust\250.jpg,1,2,0,0.01337219,0.01889094,0.93419057,0.01424271,0.01458525,0.00471841
D:\OneDrive\Desktop\TEP-VEA\EmotionROI\images\joy\250.jpg,3,2,0,0.06310316,0.00028258,0.81629068,0.07987749,0.03188542,0.00856069
D:\OneDrive\Desktop\TEP-VEA\EmotionROI\images\surprise\250.jpg,5,2,0,0.34665543,0.00055282,0.55800283,0.03448738,0.02986980,0.03043176
D:\OneDrive\Desktop\TEP-VEA\EmotionROI\images\disgust\251.jpg,1,2,0,0.08859242,0.01520846,0.69036520,0.15619981,0.04357694,0.00605715
D:\OneDrive\Desktop\TEP-VEA\EmotionROI\images\sadness\251.jpg,4,2,0,0.04439653,0.00016781,0.62992454,0.02383713,0.29943258,0.00224137
D:\OneDrive\Desktop\TEP-VEA\EmotionROI\images\surprise\251.jpg,5,2,0,0.14025706,0.00067741,0.67021918,0.06716829,0.09690112,0.02477691
D:\OneDrive\Desktop\TEP-VEA\EmotionROI\images\disgust\252.jpg,1,2,0,0.12662697,0.14110981,0.47301704,0.10014645,0.14677049,0.01232928
D:\OneDrive\Desktop\TEP-VEA\EmotionROI\images\joy\251.jpg,3,3,1,0.04601066,0.00230703,0.18673784,0.62174416,0.09135398,0.05184629
D:\OneDrive\Desktop\TEP-VEA\EmotionROI\images\anger\252.jpg,0,0,1,0.82448179,0.00077043,0.13893642,0.01372012,0.02004687,0.00204439
D:\OneDrive\Desktop\TEP-VEA\EmotionROI\images\joy\252.jpg,3,2,0,0.11666064,0.00290448,0.56417084,0.09284805,0.21699131,0.00642467
D:\OneDrive\Desktop\TEP-VEA\EmotionROI\images\fear\252.jpg,2,2,1,0.03959446,0.00215948,0.92919523,0.00377139,0.02426778,0.00101171
D:\OneDrive\Desktop\TEP-VEA\EmotionROI\images\sadness\252.jpg,4,2,0,0.02833822,0.00113544,0.70423222,0.01252909,0.25323823,0.00052680
D:\OneDrive\Desktop\TEP-VEA\EmotionROI\images\surprise\252.jpg,5,2,0,0.09587886,0.00085128,0.72812951,0.01686881,0.15616338,0.00210818
D:\OneDrive\Desktop\TEP-VEA\EmotionROI\images\disgust\253.jpg,1,2,0,0.18104461,0.01230263,0.66230911,0.02074788,0.11445509,0.00914067
D:\OneDrive\Desktop\TEP-VEA\EmotionROI\images\fear\253.jpg,2,2,1,0.09550816,0.00134155,0.86265886,0.01116987,0.02329405,0.00602751
D:\OneDrive\Desktop\TEP-VEA\EmotionROI\images\disgust\254.jpg,1,2,0,0.25049412,0.10107944,0.55471081,0.01574157,0.06978667,0.00818745
D:\OneDrive\Desktop\TEP-VEA\EmotionROI\images\joy\253.jpg,3,2,0,0.12324810,0.00392100,0.56926513,0.21668462,0.07629117,0.01058993
D:\OneDrive\Desktop\TEP-VEA\EmotionROI\images\sadness\253.jpg,4,4,1,0.13143249,0.00037116,0.29941690,0.01179422,0.55541247,0.00157278
D:\OneDrive\Desktop\TEP-VEA\EmotionROI\images\surprise\253.jpg,5,2,0,0.09950452,0.00651308,0.70348436,0.10862061,0.05226945,0.02960797
D:\OneDrive\Desktop\TEP-VEA\EmotionROI\images\anger\253.jpg,0,0,1,0.65173548,0.00249522,0.26413509,0.02564470,0.03509732,0.02089218
D:\OneDrive\Desktop\TEP-VEA\EmotionROI\images\fear\254.jpg,2,2,1,0.03158093,0.00027089,0.93818504,0.00297390,0.02621994,0.00076927
D:\OneDrive\Desktop\TEP-VEA\EmotionROI\images\anger\254.jpg,0,2,0,0.04229156,0.00070934,0.86406535,0.01263341,0.07831299,0.00198731
D:\OneDrive\Desktop\TEP-VEA\EmotionROI\images\fear\255.jpg,2,2,1,0.09782254,0.00169302,0.83501703,0.00666216,0.05756588,0.00123937
D:\OneDrive\Desktop\TEP-VEA\EmotionROI\images\anger\255.jpg,0,2,0,0.08865839,0.00097154,0.71982628,0.12992688,0.05562633,0.00499062
D:\OneDrive\Desktop\TEP-VEA\EmotionROI\images\joy\254.jpg,3,2,0,0.19346064,0.00079715,0.61383933,0.09766035,0.05723930,0.03700328
D:\OneDrive\Desktop\TEP-VEA\EmotionROI\images\sadness\254.jpg,4,2,0,0.27535132,0.00414922,0.51949608,0.03827424,0.15099443,0.01173470
D:\OneDrive\Desktop\TEP-VEA\EmotionROI\images\surprise\254.jpg,5,2,0,0.07703108,0.00101888,0.64645123,0.04036081,0.23083709,0.00430084
D:\OneDrive\Desktop\TEP-VEA\EmotionROI\images\sadness\255.jpg,4,2,0,0.04809029,0.00025649,0.64546907,0.04398098,0.25820786,0.00399539
D:\OneDrive\Desktop\TEP-VEA\EmotionROI\images\joy\255.jpg,3,2,0,0.04970710,0.00973741,0.65121084,0.24218902,0.03392189,0.01323377
D:\OneDrive\Desktop\TEP-VEA\EmotionROI\images\surprise\255.jpg,5,2,0,0.20249620,0.00040137,0.74214232,0.00913181,0.03176773,0.01406063
D:\OneDrive\Desktop\TEP-VEA\EmotionROI\images\disgust\255.jpg,1,2,0,0.17906572,0.34378749,0.36462104,0.01185365,0.09608120,0.00459090
D:\OneDrive\Desktop\TEP-VEA\EmotionROI\images\fear\256.jpg,2,2,1,0.01664939,0.00679857,0.96762097,0.00200742,0.00628222,0.00064147
D:\OneDrive\Desktop\TEP-VEA\EmotionROI\images\anger\256.jpg,0,2,0,0.35170022,0.00114695,0.57613748,0.01819354,0.04789112,0.00493072
D:\OneDrive\Desktop\TEP-VEA\EmotionROI\images\surprise\256.jpg,5,2,0,0.01829319,0.01050709,0.87658095,0.01932491,0.07419389,0.00109991
D:\OneDrive\Desktop\TEP-VEA\EmotionROI\images\disgust\256.jpg,1,0,0,0.40742451,0.03884536,0.35898557,0.00918508,0.18027386,0.00528564
D:\OneDrive\Desktop\TEP-VEA\EmotionROI\images\sadness\256.jpg,4,2,0,0.08687115,0.00056641,0.72836965,0.02341697,0.14896032,0.01181550
D:\OneDrive\Desktop\TEP-VEA\EmotionROI\images\joy\256.jpg,3,2,0,0.11182769,0.00119535,0.72338891,0.09648999,0.03065049,0.03644761
D:\OneDrive\Desktop\TEP-VEA\EmotionROI\images\anger\257.jpg,0,0,1,0.73297828,0.00015843,0.24837871,0.00415363,0.01067693,0.00365396
D:\OneDrive\Desktop\TEP-VEA\EmotionROI\images\disgust\257.jpg,1,2,0,0.11576833,0.04359813,0.81532043,0.00470913,0.02038914,0.00021478
D:\OneDrive\Desktop\TEP-VEA\EmotionROI\images\fear\257.jpg,2,2,1,0.00361278,0.00015837,0.99367803,0.00033944,0.00216535,0.00004603
D:\OneDrive\Desktop\TEP-VEA\EmotionROI\images\surprise\257.jpg,5,2,0,0.05514108,0.00439509,0.77835959,0.08816040,0.05732925,0.01661453
D:\OneDrive\Desktop\TEP-VEA\EmotionROI\images\joy\257.jpg,3,3,1,0.01706360,0.00232758,0.24442160,0.60307229,0.12595876,0.00715611
D:\OneDrive\Desktop\TEP-VEA\EmotionROI\images\sadness\257.jpg,4,2,0,0.03796547,0.00031133,0.91936296,0.00323785,0.03811114,0.00101123
D:\OneDrive\Desktop\TEP-VEA\EmotionROI\images\fear\258.jpg,2,2,1,0.06894224,0.00077411,0.92257577,0.00055143,0.00695914,0.00019735
D:\OneDrive\Desktop\TEP-VEA\EmotionROI\images\joy\258.jpg,3,2,0,0.10856470,0.00142478,0.71917850,0.11401299,0.05354580,0.00327318
D:\OneDrive\Desktop\TEP-VEA\EmotionROI\images\sadness\258.jpg,4,0,0,0.45035100,0.00108860,0.44410214,0.02313245,0.07469989,0.00662584
D:\OneDrive\Desktop\TEP-VEA\EmotionROI\images\surprise\258.jpg,5,3,0,0.17623283,0.00034527,0.30196890,0.45903087,0.04668840,0.01573376
D:\OneDrive\Desktop\TEP-VEA\EmotionROI\images\anger\258.jpg,0,2,0,0.25382966,0.00149315,0.56403124,0.10263146,0.04743734,0.03057710
D:\OneDrive\Desktop\TEP-VEA\EmotionROI\images\disgust\258.jpg,1,2,0,0.03573883,0.25588718,0.47638413,0.02179542,0.20491028,0.00528422
D:\OneDrive\Desktop\TEP-VEA\EmotionROI\images\anger\259.jpg,0,0,1,0.51943237,0.00606682,0.27785388,0.08600952,0.04739016,0.06324719
D:\OneDrive\Desktop\TEP-VEA\EmotionROI\images\sadness\259.jpg,4,2,0,0.13934633,0.00407042,0.60737407,0.01723829,0.22180349,0.01016742
D:\OneDrive\Desktop\TEP-VEA\EmotionROI\images\disgust\259.jpg,1,2,0,0.05442052,0.00050929,0.92141455,0.00457874,0.01881207,0.00026489
D:\OneDrive\Desktop\TEP-VEA\EmotionROI\images\anger\260.jpg,0,2,0,0.18396388,0.00680667,0.71927530,0.03738625,0.02277746,0.02979043
D:\OneDrive\Desktop\TEP-VEA\EmotionROI\images\surprise\259.jpg,5,2,0,0.29285938,0.00037781,0.59886134,0.05390717,0.04710966,0.00688459
D:\OneDrive\Desktop\TEP-VEA\EmotionROI\images\fear\259.jpg,2,2,1,0.13153644,0.00029822,0.77914906,0.01877894,0.06841003,0.00182728
D:\OneDrive\Desktop\TEP-VEA\EmotionROI\images\joy\259.jpg,3,2,0,0.07842954,0.00233151,0.74967188,0.09350910,0.04901366,0.02704431
D:\OneDrive\Desktop\TEP-VEA\EmotionROI\images\disgust\260.jpg,1,2,0,0.08635435,0.04894448,0.54792064,0.16434884,0.13553490,0.01689682
D:\OneDrive\Desktop\TEP-VEA\EmotionROI\images\fear\260.jpg,2,2,1,0.02677710,0.00016905,0.95378047,0.00253258,0.01620138,0.00053935
D:\OneDrive\Desktop\TEP-VEA\EmotionROI\images\fear\261.jpg,2,2,1,0.03275587,0.00036520,0.89814156,0.01108734,0.05059680,0.00705318
D:\OneDrive\Desktop\TEP-VEA\EmotionROI\images\anger\261.jpg,0,2,0,0.39128694,0.00075161,0.57299167,0.01682751,0.00968043,0.00846182
D:\OneDrive\Desktop\TEP-VEA\EmotionROI\images\surprise\260.jpg,5,3,0,0.05918482,0.00414876,0.22820024,0.55104393,0.13214657,0.02527563
D:\OneDrive\Desktop\TEP-VEA\EmotionROI\images\joy\260.jpg,3,2,0,0.09403813,0.00038582,0.79931605,0.03270836,0.06160417,0.01194749
D:\OneDrive\Desktop\TEP-VEA\EmotionROI\images\sadness\260.jpg,4,2,0,0.11767790,0.00078076,0.59548491,0.00863428,0.27211872,0.00530341
D:\OneDrive\Desktop\TEP-VEA\EmotionROI\images\disgust\261.jpg,1,2,0,0.06825004,0.04384472,0.84051669,0.00518709,0.03670989,0.00549149
D:\OneDrive\Desktop\TEP-VEA\EmotionROI\images\surprise\261.jpg,5,2,0,0.13964108,0.01771222,0.61463928,0.02916499,0.18431552,0.01452689
D:\OneDrive\Desktop\TEP-VEA\EmotionROI\images\joy\261.jpg,3,3,1,0.06699194,0.00249974,0.31429929,0.31822243,0.27034730,0.02763933
D:\OneDrive\Desktop\TEP-VEA\EmotionROI\images\sadness\261.jpg,4,2,0,0.06285682,0.00036055,0.69488060,0.03564226,0.20492847,0.00133120
D:\OneDrive\Desktop\TEP-VEA\EmotionROI\images\fear\262.jpg,2,2,1,0.17386161,0.00031909,0.64509076,0.05433445,0.12452583,0.00186825
D:\OneDrive\Desktop\TEP-VEA\EmotionROI\images\disgust\262.jpg,1,2,0,0.18129127,0.05664362,0.55632848,0.17035337,0.02376295,0.01162029
D:\OneDrive\Desktop\TEP-VEA\EmotionROI\images\anger\262.jpg,0,0,1,0.60584533,0.00164182,0.23815545,0.04963475,0.03975702,0.06496566
D:\OneDrive\Desktop\TEP-VEA\EmotionROI\images\disgust\263.jpg,1,2,0,0.02765296,0.04342691,0.89277762,0.01438532,0.02081634,0.00094086
D:\OneDrive\Desktop\TEP-VEA\EmotionROI\images\fear\263.jpg,2,2,1,0.03114934,0.05738292,0.77662438,0.01717463,0.11681768,0.00085102
D:\OneDrive\Desktop\TEP-VEA\EmotionROI\images\joy\262.jpg,3,2,0,0.12781191,0.00062426,0.46982154,0.26932132,0.12091893,0.01150205
D:\OneDrive\Desktop\TEP-VEA\EmotionROI\images\sadness\262.jpg,4,2,0,0.13154276,0.00040194,0.59998155,0.00642013,0.26006910,0.00158453
D:\OneDrive\Desktop\TEP-VEA\EmotionROI\images\surprise\262.jpg,5,2,0,0.11688750,0.00065050,0.67964190,0.12988460,0.03423681,0.03869874
D:\OneDrive\Desktop\TEP-VEA\EmotionROI\images\anger\263.jpg,0,0,1,0.57115406,0.00431812,0.34272927,0.03387166,0.03797488,0.00995194
D:\OneDrive\Desktop\TEP-VEA\EmotionROI\images\joy\263.jpg,3,3,1,0.02028581,0.00065238,0.20154099,0.63342887,0.13632035,0.00777157
D:\OneDrive\Desktop\TEP-VEA\EmotionROI\images\anger\264.jpg,0,2,0,0.31863502,0.00052328,0.60498828,0.00971877,0.05237445,0.01376023
D:\OneDrive\Desktop\TEP-VEA\EmotionROI\images\fear\264.jpg,2,2,1,0.01669688,0.00011920,0.97521484,0.00076073,0.00671539,0.00049294
D:\OneDrive\Desktop\TEP-VEA\EmotionROI\images\disgust\264.jpg,1,2,0,0.04587282,0.07783582,0.74323982,0.05312787,0.07054795,0.00937571
D:\OneDrive\Desktop\TEP-VEA\EmotionROI\images\sadness\263.jpg,4,4,1,0.09452428,0.00280568,0.40670589,0.00782102,0.48135218,0.00679107
D:\OneDrive\Desktop\TEP-VEA\EmotionROI\images\sadness\264.jpg,4,2,0,0.04214432,0.00063181,0.56161761,0.04524974,0.33846161,0.01189491
D:\OneDrive\Desktop\TEP-VEA\EmotionROI\images\surprise\263.jpg,5,2,0,0.06145586,0.00327385,0.85501444,0.01511184,0.05376207,0.01138204
D:\OneDrive\Desktop\TEP-VEA\EmotionROI\images\surprise\264.jpg,5,2,0,0.25091282,0.00122060,0.56579411,0.09697410,0.03632487,0.04877341
D:\OneDrive\Desktop\TEP-VEA\EmotionROI\images\joy\264.jpg,3,2,0,0.14110227,0.00345897,0.48070908,0.18120028,0.11503121,0.07849824
D:\OneDrive\Desktop\TEP-VEA\EmotionROI\images\fear\265.jpg,2,2,1,0.01109616,0.00235702,0.97838873,0.00640022,0.00107573,0.00068212
D:\OneDrive\Desktop\TEP-VEA\EmotionROI\images\anger\265.jpg,0,2,0,0.05870027,0.00020440,0.93181133,0.00084965,0.00790735,0.00052710
D:\OneDrive\Desktop\TEP-VEA\EmotionROI\images\surprise\265.jpg,5,2,0,0.08937497,0.01979996,0.44321758,0.07558910,0.36733621,0.00468221
D:\OneDrive\Desktop\TEP-VEA\EmotionROI\images\sadness\265.jpg,4,4,1,0.03072081,0.00036170,0.33717254,0.00956541,0.61517262,0.00700694
D:\OneDrive\Desktop\TEP-VEA\EmotionROI\images\disgust\265.jpg,1,2,0,0.15678337,0.34870028,0.41089487,0.04665217,0.02598142,0.01098785
D:\OneDrive\Desktop\TEP-VEA\EmotionROI\images\anger\266.jpg,0,4,0,0.18433888,0.00021663,0.26549554,0.03522662,0.51364833,0.00107405
D:\OneDrive\Desktop\TEP-VEA\EmotionROI\images\fear\266.jpg,2,2,1,0.06540519,0.00013474,0.90017140,0.00387624,0.02922635,0.00118610
D:\OneDrive\Desktop\TEP-VEA\EmotionROI\images\joy\265.jpg,3,2,0,0.09056269,0.00057862,0.46556982,0.11833870,0.30660063,0.01834956
D:\OneDrive\Desktop\TEP-VEA\EmotionROI\images\disgust\266.jpg,1,2,0,0.00425544,0.11327826,0.82781965,0.03621376,0.01824000,0.00019280
D:\OneDrive\Desktop\TEP-VEA\EmotionROI\images\joy\266.jpg,3,2,0,0.03939661,0.00046349,0.66822159,0.11652299,0.17321481,0.00218044
D:\OneDrive\Desktop\TEP-VEA\EmotionROI\images\sadness\266.jpg,4,2,0,0.11168873,0.00110549,0.75734389,0.04498095,0.08155750,0.00332342
D:\OneDrive\Desktop\TEP-VEA\EmotionROI\images\joy\267.jpg,3,2,0,0.00511989,0.00415222,0.70393986,0.25272474,0.03316747,0.00089578
D:\OneDrive\Desktop\TEP-VEA\EmotionROI\images\surprise\266.jpg,5,2,0,0.17810947,0.00116479,0.64496964,0.06948527,0.06472842,0.04154242
D:\OneDrive\Desktop\TEP-VEA\EmotionROI\images\sadness\267.jpg,4,2,0,0.06891951,0.00101726,0.81314361,0.03070163,0.07908672,0.00713133
D:\OneDrive\Desktop\TEP-VEA\EmotionROI\images\anger\267.jpg,0,2,0,0.10818768,0.02849572,0.56087971,0.14758804,0.13611440,0.01873443
D:\OneDrive\Desktop\TEP-VEA\EmotionROI\images\disgust\267.jpg,1,2,0,0.22216336,0.04922789,0.58958185,0.08365010,0.04564962,0.00972725
D:\OneDrive\Desktop\TEP-VEA\EmotionROI\images\fear\267.jpg,2,2,1,0.01818156,0.00025825,0.97862053,0.00100974,0.00189031,0.00003959
D:\OneDrive\Desktop\TEP-VEA\EmotionROI\images\surprise\267.jpg,5,2,0,0.10029326,0.02793372,0.48102972,0.21153845,0.14222392,0.03698092
D:\OneDrive\Desktop\TEP-VEA\EmotionROI\images\fear\268.jpg,2,2,1,0.02987530,0.00072366,0.95379704,0.00562428,0.00925515,0.00072457
D:\OneDrive\Desktop\TEP-VEA\EmotionROI\images\anger\268.jpg,0,0,1,0.81863987,0.00212496,0.13541032,0.02170477,0.01616103,0.00595903
D:\OneDrive\Desktop\TEP-VEA\EmotionROI\images\joy\268.jpg,3,2,0,0.07233158,0.00235752,0.37396908,0.25422397,0.28585428,0.01126356
D:\OneDrive\Desktop\TEP-VEA\EmotionROI\images\anger\269.jpg,0,0,1,0.77748942,0.00041975,0.17560643,0.01030052,0.03419980,0.00198404
D:\OneDrive\Desktop\TEP-VEA\EmotionROI\images\fear\269.jpg,2,2,1,0.11969147,0.00776743,0.70177734,0.01949717,0.14451630,0.00675028
D:\OneDrive\Desktop\TEP-VEA\EmotionROI\images\disgust\268.jpg,1,2,0,0.16685711,0.12607452,0.45408824,0.11373185,0.05198136,0.08726689
D:\OneDrive\Desktop\TEP-VEA\EmotionROI\images\disgust\269.jpg,1,2,0,0.09210395,0.00498246,0.88228244,0.00670126,0.01177422,0.00215567
D:\OneDrive\Desktop\TEP-VEA\EmotionROI\images\sadness\268.jpg,4,2,0,0.14079995,0.00123700,0.42527556,0.03650455,0.38277406,0.01340889
D:\OneDrive\Desktop\TEP-VEA\EmotionROI\images\surprise\268.jpg,5,2,0,0.21781175,0.00247111,0.43360692,0.26648974,0.04074159,0.03887884
D:\OneDrive\Desktop\TEP-VEA\EmotionROI\images\joy\269.jpg,3,2,0,0.07857328,0.00286722,0.49883643,0.07302897,0.33644754,0.01024661
D:\OneDrive\Desktop\TEP-VEA\EmotionROI\images\sadness\269.jpg,4,2,0,0.12920143,0.00118763,0.67832065,0.04385459,0.12328754,0.02414820
D:\OneDrive\Desktop\TEP-VEA\EmotionROI\images\surprise\269.jpg,5,2,0,0.13236882,0.00060339,0.73134691,0.01971844,0.07136314,0.04459934
D:\OneDrive\Desktop\TEP-VEA\EmotionROI\images\anger\270.jpg,0,2,0,0.21614544,0.00591879,0.69460404,0.02662070,0.04897615,0.00773484
D:\OneDrive\Desktop\TEP-VEA\EmotionROI\images\joy\270.jpg,3,2,0,0.07192162,0.00140385,0.72973377,0.15844244,0.03712269,0.00137556
D:\OneDrive\Desktop\TEP-VEA\EmotionROI\images\disgust\270.jpg,1,2,0,0.07948129,0.02897132,0.78243709,0.05075375,0.05368772,0.00466888
D:\OneDrive\Desktop\TEP-VEA\EmotionROI\images\fear\270.jpg,2,2,1,0.01377538,0.00037657,0.96841753,0.00390343,0.01341008,0.00011702
D:\OneDrive\Desktop\TEP-VEA\EmotionROI\images\sadness\270.jpg,4,2,0,0.10366239,0.00135226,0.43015829,0.05485417,0.38384548,0.02612741
D:\OneDrive\Desktop\TEP-VEA\EmotionROI\images\surprise\270.jpg,5,2,0,0.20720133,0.00140788,0.45037234,0.06857959,0.09003442,0.18240446
D:\OneDrive\Desktop\TEP-VEA\EmotionROI\images\joy\271.jpg,3,2,0,0.06336553,0.00044633,0.84544885,0.02147283,0.06095792,0.00830849
D:\OneDrive\Desktop\TEP-VEA\EmotionROI\images\sadness\271.jpg,4,2,0,0.00500401,0.01689219,0.79121649,0.12269508,0.06418641,0.00000586
D:\OneDrive\Desktop\TEP-VEA\EmotionROI\images\fear\271.jpg,2,2,1,0.01809845,0.00007114,0.97827691,0.00050339,0.00294503,0.00010518
D:\OneDrive\Desktop\TEP-VEA\EmotionROI\images\fear\272.jpg,2,2,1,0.05797269,0.00061908,0.51257926,0.02857616,0.35164711,0.04860568
D:\OneDrive\Desktop\TEP-VEA\EmotionROI\images\disgust\271.jpg,1,2,0,0.06717189,0.00916164,0.76026738,0.07356957,0.06591468,0.02391486
D:\OneDrive\Desktop\TEP-VEA\EmotionROI\images\anger\271.jpg,0,2,0,0.07122490,0.00296935,0.84760880,0.02325013,0.05486032,0.00008650
D:\OneDrive\Desktop\TEP-VEA\EmotionROI\images\surprise\271.jpg,5,2,0,0.02997510,0.00035982,0.89876837,0.01322011,0.04460748,0.01306902
D:\OneDrive\Desktop\TEP-VEA\EmotionROI\images\anger\272.jpg,0,2,0,0.24541312,0.00576326,0.56269526,0.05528104,0.08539864,0.04544862
D:\OneDrive\Desktop\TEP-VEA\EmotionROI\images\disgust\272.jpg,1,2,0,0.12413037,0.06779428,0.46309325,0.14607291,0.18319263,0.01571658
D:\OneDrive\Desktop\TEP-VEA\EmotionROI\images\surprise\272.jpg,5,2,0,0.23073202,0.00170616,0.57073897,0.06481954,0.10550621,0.02649710
D:\OneDrive\Desktop\TEP-VEA\EmotionROI\images\disgust\273.jpg,1,2,0,0.15093416,0.09156961,0.50146180,0.13227561,0.10864319,0.01511562
D:\OneDrive\Desktop\TEP-VEA\EmotionROI\images\joy\272.jpg,3,3,1,0.03577458,0.00103309,0.16681740,0.65928638,0.11726703,0.01982156
D:\OneDrive\Desktop\TEP-VEA\EmotionROI\images\sadness\272.jpg,4,2,0,0.04596079,0.00027496,0.72766602,0.02259807,0.20276049,0.00073975
D:\OneDrive\Desktop\TEP-VEA\EmotionROI\images\joy\273.jpg,3,2,0,0.06509688,0.00079336,0.55721563,0.14598857,0.20422640,0.02667911
D:\OneDrive\Desktop\TEP-VEA\EmotionROI\images\sadness\273.jpg,4,2,0,0.10873486,0.00205719,0.79426116,0.00691004,0.08581407,0.00222271
D:\OneDrive\Desktop\TEP-VEA\EmotionROI\images\surprise\273.jpg,5,2,0,0.33781102,0.00401662,0.35330075,0.08144611,0.05660784,0.16681772
D:\OneDrive\Desktop\TEP-VEA\EmotionROI\images\anger\273.jpg,0,2,0,0.01044381,0.00219788,0.97744799,0.00101993,0.00887696,0.00001348
D:\OneDrive\Desktop\TEP-VEA\EmotionROI\images\fear\273.jpg,2,2,1,0.07076347,0.00352324,0.81693530,0.01378573,0.09282621,0.00216600
D:\OneDrive\Desktop\TEP-VEA\EmotionROI\images\disgust\274.jpg,1,1,1,0.20231809,0.41664413,0.25671148,0.00837042,0.10635928,0.00959663
D:\OneDrive\Desktop\TEP-VEA\EmotionROI\images\joy\274.jpg,3,0,0,0.52399147,0.00042012,0.32358065,0.07473046,0.04350682,0.03377046
D:\OneDrive\Desktop\TEP-VEA\EmotionROI\images\fear\274.jpg,2,2,1,0.07374296,0.00109105,0.68083465,0.16032864,0.05504648,0.02895623
D:\OneDrive\Desktop\TEP-VEA\EmotionROI\images\disgust\275.jpg,1,2,0,0.06120813,0.18469568,0.63460177,0.01702483,0.09769455,0.00477502
D:\OneDrive\Desktop\TEP-VEA\EmotionROI\images\sadness\274.jpg,4,2,0,0.07660172,0.00014977,0.90078217,0.00167847,0.02054147,0.00024642
D:\OneDrive\Desktop\TEP-VEA\EmotionROI\images\anger\274.jpg,0,2,0,0.02470622,0.00014006,0.53019243,0.00277729,0.44214952,0.00003443
D:\OneDrive\Desktop\TEP-VEA\EmotionROI\images\fear\275.jpg,2,2,1,0.11185728,0.00064910,0.82759207,0.00417987,0.05425007,0.00147160
D:\OneDrive\Desktop\TEP-VEA\EmotionROI\images\anger\275.jpg,0,2,0,0.30394530,0.00061008,0.66248369,0.00649871,0.01843189,0.00803034
D:\OneDrive\Desktop\TEP-VEA\EmotionROI\images\surprise\274.jpg,5,2,0,0.09720334,0.00915435,0.77276546,0.04106626,0.07445701,0.00535358
D:\OneDrive\Desktop\TEP-VEA\EmotionROI\images\sadness\275.jpg,4,2,0,0.05261739,0.01828409,0.55680031,0.07226200,0.29244524,0.00759095
D:\OneDrive\Desktop\TEP-VEA\EmotionROI\images\sadness\276.jpg,4,2,0,0.03767136,0.00040486,0.88063669,0.01725264,0.06325452,0.00077994
D:\OneDrive\Desktop\TEP-VEA\EmotionROI\images\anger\276.jpg,0,2,0,0.16983284,0.00119299,0.69434959,0.04459769,0.03434580,0.05568112
D:\OneDrive\Desktop\TEP-VEA\EmotionROI\images\surprise\275.jpg,5,2,0,0.28060761,0.00150816,0.39905789,0.20385231,0.06508910,0.04988489
D:\OneDrive\Desktop\TEP-VEA\EmotionROI\images\surprise\276.jpg,5,2,0,0.09463706,0.00131983,0.82752925,0.01687106,0.03060413,0.02903857
D:\OneDrive\Desktop\TEP-VEA\EmotionROI\images\disgust\276.jpg,1,2,0,0.07101458,0.41690841,0.44192323,0.02861170,0.03437411,0.00716792
D:\OneDrive\Desktop\TEP-VEA\EmotionROI\images\fear\276.jpg,2,2,1,0.07284321,0.00022014,0.87548745,0.00238037,0.04724207,0.00182681
D:\OneDrive\Desktop\TEP-VEA\EmotionROI\images\joy\275.jpg,3,2,0,0.07296083,0.00306369,0.60738802,0.13267021,0.11510615,0.06881116
D:\OneDrive\Desktop\TEP-VEA\EmotionROI\images\joy\276.jpg,3,3,1,0.02183350,0.00155597,0.24568716,0.65231824,0.06447260,0.01413251
D:\OneDrive\Desktop\TEP-VEA\EmotionROI\images\anger\277.jpg,0,2,0,0.06266844,0.00077479,0.85709637,0.00908448,0.06986946,0.00050644
D:\OneDrive\Desktop\TEP-VEA\EmotionROI\images\fear\277.jpg,2,2,1,0.01149493,0.00048761,0.97155637,0.00140659,0.01480233,0.00025219
D:\OneDrive\Desktop\TEP-VEA\EmotionROI\images\sadness\277.jpg,4,2,0,0.10910544,0.00303357,0.45762467,0.02089475,0.38222313,0.02711845
D:\OneDrive\Desktop\TEP-VEA\EmotionROI\images\fear\278.jpg,2,2,1,0.06721025,0.00052814,0.84902608,0.00295113,0.07761717,0.00266723
D:\OneDrive\Desktop\TEP-VEA\EmotionROI\images\disgust\277.jpg,1,2,0,0.07700897,0.05448623,0.79376704,0.01744652,0.03770167,0.01958953
D:\OneDrive\Desktop\TEP-VEA\EmotionROI\images\anger\278.jpg,0,2,0,0.15005405,0.00104332,0.78224266,0.02099744,0.03802511,0.00763749
D:\OneDrive\Desktop\TEP-VEA\EmotionROI\images\joy\277.jpg,3,2,0,0.03870884,0.00247900,0.49179694,0.21306026,0.24146013,0.01249486
D:\OneDrive\Desktop\TEP-VEA\EmotionROI\images\surprise\277.jpg,5,2,0,0.11853351,0.00077582,0.74253982,0.08743189,0.03017961,0.02053938
D:\OneDrive\Desktop\TEP-VEA\EmotionROI\images\disgust\278.jpg,1,2,0,0.12246783,0.19968581,0.34273714,0.01584915,0.30249366,0.01676643
D:\OneDrive\Desktop\TEP-VEA\EmotionROI\images\anger\279.jpg,0,2,0,0.08617750,0.00167031,0.83060843,0.00531012,0.07578566,0.00044797
D:\OneDrive\Desktop\TEP-VEA\EmotionROI\images\sadness\278.jpg,4,2,0,0.20275980,0.00015588,0.61835670,0.00557089,0.17282562,0.00033113
D:\OneDrive\Desktop\TEP-VEA\EmotionROI\images\joy\278.jpg,3,2,0,0.35249165,0.00191775,0.39892596,0.08540469,0.15247251,0.00878750
D:\OneDrive\Desktop\TEP-VEA\EmotionROI\images\surprise\278.jpg,5,2,0,0.15039138,0.00067611,0.80762982,0.01158090,0.01128758,0.01843414
D:\OneDrive\Desktop\TEP-VEA\EmotionROI\images\disgust\279.jpg,1,2,0,0.07675659,0.08547116,0.70253468,0.03185181,0.09588209,0.00750376
D:\OneDrive\Desktop\TEP-VEA\EmotionROI\images\fear\279.jpg,2,2,1,0.13289557,0.00099604,0.82864058,0.00649906,0.02973882,0.00122993
D:\OneDrive\Desktop\TEP-VEA\EmotionROI\images\sadness\279.jpg,4,2,0,0.08455370,0.00275885,0.50077742,0.01649811,0.39195353,0.00345835
D:\OneDrive\Desktop\TEP-VEA\EmotionROI\images\surprise\279.jpg,5,2,0,0.29667032,0.00234424,0.43472973,0.03219862,0.10872070,0.12533647
D:\OneDrive\Desktop\TEP-VEA\EmotionROI\images\joy\279.jpg,3,3,1,0.02704159,0.00097811,0.31685889,0.59656811,0.04948791,0.00906537
D:\OneDrive\Desktop\TEP-VEA\EmotionROI\images\joy\280.jpg,3,2,0,0.13483936,0.00066886,0.56148285,0.16512494,0.10108379,0.03680025
D:\OneDrive\Desktop\TEP-VEA\EmotionROI\images\anger\280.jpg,0,2,0,0.08299152,0.00039049,0.84908825,0.01170861,0.05004214,0.00577908
D:\OneDrive\Desktop\TEP-VEA\EmotionROI\images\anger\281.jpg,0,0,1,0.44380262,0.00083951,0.43784115,0.05676486,0.05006685,0.01068493
D:\OneDrive\Desktop\TEP-VEA\EmotionROI\images\disgust\280.jpg,1,2,0,0.03920323,0.03486555,0.88682979,0.00679295,0.03132403,0.00098452
D:\OneDrive\Desktop\TEP-VEA\EmotionROI\images\fear\280.jpg,2,4,0,0.03181032,0.00008838,0.16529693,0.00154117,0.80118054,0.00008267
D:\OneDrive\Desktop\TEP-VEA\EmotionROI\images\fear\281.jpg,2,2,1,0.07782673,0.00245989,0.80628878,0.03614726,0.04586875,0.03140863
D:\OneDrive\Desktop\TEP-VEA\EmotionROI\images\sadness\280.jpg,4,2,0,0.11121920,0.00099643,0.71803075,0.09042711,0.06980465,0.00952193
D:\OneDrive\Desktop\TEP-VEA\EmotionROI\images\surprise\280.jpg,5,4,0,0.05997763,0.01186307,0.25319847,0.17968118,0.44766694,0.04761272
D:\OneDrive\Desktop\TEP-VEA\EmotionROI\images\disgust\281.jpg,1,2,0,0.11940243,0.30769345,0.32909107,0.02494803,0.18386859,0.03499639
D:\OneDrive\Desktop\TEP-VEA\EmotionROI\images\sadness\281.jpg,4,2,0,0.14932433,0.00038979,0.68151891,0.03761377,0.11706948,0.01408370
D:\OneDrive\Desktop\TEP-VEA\EmotionROI\images\fear\282.jpg,2,2,1,0.06562952,0.00049704,0.87913853,0.01164678,0.04067595,0.00241213
D:\OneDrive\Desktop\TEP-VEA\EmotionROI\images\disgust\282.jpg,1,2,0,0.30095693,0.23630172,0.39011008,0.02002983,0.04698471,0.00561673
D:\OneDrive\Desktop\TEP-VEA\EmotionROI\images\sadness\282.jpg,4,2,0,0.07563632,0.00019195,0.48378581,0.00445921,0.43538171,0.00054502
D:\OneDrive\Desktop\TEP-VEA\EmotionROI\images\joy\281.jpg,3,4,0,0.05717405,0.00445328,0.30469781,0.14872636,0.44520128,0.03974718
D:\OneDrive\Desktop\TEP-VEA\EmotionROI\images\anger\282.jpg,0,2,0,0.35645458,0.00157353,0.45539445,0.11067800,0.06627733,0.00962211
D:\OneDrive\Desktop\TEP-VEA\EmotionROI\images\surprise\281.jpg,5,3,0,0.23560412,0.00101326,0.28970179,0.35972041,0.07781027,0.03615016
D:\OneDrive\Desktop\TEP-VEA\EmotionROI\images\joy\282.jpg,3,3,1,0.07021403,0.00261700,0.21956639,0.58390212,0.09769370,0.02600674
D:\OneDrive\Desktop\TEP-VEA\EmotionROI\images\surprise\282.jpg,5,2,0,0.25395095,0.00107995,0.50354099,0.13225800,0.09328532,0.01588481
D:\OneDrive\Desktop\TEP-VEA\EmotionROI\images\joy\283.jpg,3,2,0,0.14553837,0.00109704,0.61049366,0.12485532,0.10446323,0.01355241
D:\OneDrive\Desktop\TEP-VEA\EmotionROI\images\fear\283.jpg,2,2,1,0.12516892,0.00280317,0.80206740,0.01324840,0.05051757,0.00619450
D:\OneDrive\Desktop\TEP-VEA\EmotionROI\images\sadness\283.jpg,4,2,0,0.07384536,0.00134795,0.79576504,0.01470123,0.11025507,0.00408540
D:\OneDrive\Desktop\TEP-VEA\EmotionROI\images\surprise\283.jpg,5,2,0,0.32899326,0.00223850,0.52398270,0.03804082,0.04916051,0.05758416
D:\OneDrive\Desktop\TEP-VEA\EmotionROI\images\disgust\283.jpg,1,0,0,0.41126159,0.13190868,0.40309852,0.01474613,0.03425341,0.00473161
D:\OneDrive\Desktop\TEP-VEA\EmotionROI\images\anger\283.jpg,0,2,0,0.17216077,0.00144996,0.80041993,0.00892056,0.01014757,0.00690123
D:\OneDrive\Desktop\TEP-VEA\EmotionROI\images\disgust\284.jpg,1,0,0,0.63470501,0.01780902,0.28503492,0.01193825,0.04846667,0.00204611
D:\OneDrive\Desktop\TEP-VEA\EmotionROI\images\fear\284.jpg,2,0,0,0.59550953,0.00007536,0.39451993,0.00248957,0.00599717,0.00140841
D:\OneDrive\Desktop\TEP-VEA\EmotionROI\images\anger\284.jpg,0,0,1,0.50092953,0.00063603,0.38478187,0.05483507,0.05525922,0.00355828
D:\OneDrive\Desktop\TEP-VEA\EmotionROI\images\joy\284.jpg,3,2,0,0.14069813,0.00121819,0.67875731,0.09883701,0.06894320,0.01154620
D:\OneDrive\Desktop\TEP-VEA\EmotionROI\images\disgust\285.jpg,1,2,0,0.21850328,0.03121192,0.55819380,0.04325434,0.14136395,0.00747265
D:\OneDrive\Desktop\TEP-VEA\EmotionROI\images\sadness\284.jpg,4,2,0,0.01360248,0.00110985,0.66080475,0.00928517,0.31519669,0.00000108
D:\OneDrive\Desktop\TEP-VEA\EmotionROI\images\anger\285.jpg,0,2,0,0.06067532,0.00250307,0.53331786,0.23757838,0.15533397,0.01059141
D:\OneDrive\Desktop\TEP-VEA\EmotionROI\images\surprise\284.jpg,5,2,0,0.21868375,0.00667502,0.54005599,0.16571738,0.03410026,0.03476761
D:\OneDrive\Desktop\TEP-VEA\EmotionROI\images\fear\285.jpg,2,2,1,0.02428886,0.00174277,0.91971195,0.01302261,0.03987812,0.00135570
D:\OneDrive\Desktop\TEP-VEA\EmotionROI\images\surprise\285.jpg,5,2,0,0.16532616,0.00223865,0.75097507,0.01610838,0.05453833,0.01081337
D:\OneDrive\Desktop\TEP-VEA\EmotionROI\images\joy\285.jpg,3,3,1,0.03169224,0.00112650,0.17969127,0.49266669,0.27900216,0.01582108
D:\OneDrive\Desktop\TEP-VEA\EmotionROI\images\sadness\285.jpg,4,2,0,0.00863762,0.01884088,0.82923532,0.10562868,0.03765245,0.00000506
D:\OneDrive\Desktop\TEP-VEA\EmotionROI\images\disgust\286.jpg,1,2,0,0.05974890,0.31815612,0.44945487,0.05836727,0.08071088,0.03356190
D:\OneDrive\Desktop\TEP-VEA\EmotionROI\images\fear\286.jpg,2,2,1,0.08792891,0.00437623,0.86186123,0.01149356,0.01789570,0.01644435
D:\OneDrive\Desktop\TEP-VEA\EmotionROI\images\sadness\286.jpg,4,4,1,0.09075195,0.00025278,0.39805004,0.01879022,0.49130249,0.00085253
D:\OneDrive\Desktop\TEP-VEA\EmotionROI\images\surprise\286.jpg,5,2,0,0.29822865,0.00045280,0.48064026,0.12745090,0.05260410,0.04062331
D:\OneDrive\Desktop\TEP-VEA\EmotionROI\images\fear\287.jpg,2,2,1,0.04043236,0.00057971,0.87542421,0.06668053,0.01611378,0.00076939
D:\OneDrive\Desktop\TEP-VEA\EmotionROI\images\joy\286.jpg,3,2,0,0.12155765,0.00095541,0.73084581,0.01152072,0.13201241,0.00310802
D:\OneDrive\Desktop\TEP-VEA\EmotionROI\images\anger\286.jpg,0,2,0,0.01733044,0.00365908,0.69961274,0.20308381,0.07539867,0.00091530
D:\OneDrive\Desktop\TEP-VEA\EmotionROI\images\anger\287.jpg,0,4,0,0.03389716,0.00004897,0.07754109,0.00133097,0.88707930,0.00010251
D:\OneDrive\Desktop\TEP-VEA\EmotionROI\images\disgust\287.jpg,1,2,0,0.20515324,0.00293318,0.65743881,0.04122677,0.08027969,0.01296836
D:\OneDrive\Desktop\TEP-VEA\EmotionROI\images\disgust\288.jpg,1,2,0,0.05240452,0.00308552,0.88982105,0.02235925,0.03041271,0.00191689
D:\OneDrive\Desktop\TEP-VEA\EmotionROI\images\surprise\287.jpg,5,2,0,0.00832014,0.01443803,0.71176964,0.17559017,0.08972667,0.00015537
D:\OneDrive\Desktop\TEP-VEA\EmotionROI\images\sadness\287.jpg,4,4,1,0.09609175,0.00031827,0.31609756,0.01559720,0.56983608,0.00205916
D:\OneDrive\Desktop\TEP-VEA\EmotionROI\images\surprise\288.jpg,5,2,0,0.02931746,0.00533223,0.87386042,0.02825219,0.05726593,0.00597174
D:\OneDrive\Desktop\TEP-VEA\EmotionROI\images\anger\288.jpg,0,2,0,0.06051495,0.01780781,0.63935614,0.14246665,0.12453379,0.01532059
D:\OneDrive\Desktop\TEP-VEA\EmotionROI\images\joy\287.jpg,3,2,0,0.16519424,0.00301726,0.57089436,0.16519368,0.07407518,0.02162530
D:\OneDrive\Desktop\TEP-VEA\EmotionROI\images\fear\288.jpg,2,2,1,0.09054320,0.00629062,0.71045130,0.04339230,0.14227118,0.00705139
D:\OneDrive\Desktop\TEP-VEA\EmotionROI\images\joy\288.jpg,3,2,0,0.02255283,0.00327712,0.55014771,0.26145437,0.14865136,0.01391655
D:\OneDrive\Desktop\TEP-VEA\EmotionROI\images\sadness\288.jpg,4,2,0,0.02662609,0.00016277,0.50332725,0.01838997,0.44709286,0.00440112
D:\OneDrive\Desktop\TEP-VEA\EmotionROI\images\disgust\289.jpg,1,2,0,0.01093734,0.01603314,0.93019158,0.01163522,0.02981524,0.00138748
D:\OneDrive\Desktop\TEP-VEA\EmotionROI\images\surprise\289.jpg,5,2,0,0.00983098,0.00075548,0.93780065,0.02505050,0.02588122,0.00068114
D:\OneDrive\Desktop\TEP-VEA\EmotionROI\images\disgust\290.jpg,1,2,0,0.02399796,0.00310894,0.93709582,0.00850494,0.02581810,0.00147420
D:\OneDrive\Desktop\TEP-VEA\EmotionROI\images\fear\289.jpg,2,2,1,0.00478757,0.00226587,0.98450351,0.00461079,0.00241100,0.00142134
D:\OneDrive\Desktop\TEP-VEA\EmotionROI\images\anger\289.jpg,0,0,1,0.62879908,0.00089233,0.32843122,0.02274001,0.01884957,0.00028780
D:\OneDrive\Desktop\TEP-VEA\EmotionROI\images\anger\290.jpg,0,2,0,0.06054442,0.02891983,0.82821983,0.00624562,0.07188904,0.00418125
D:\OneDrive\Desktop\TEP-VEA\EmotionROI\images\fear\290.jpg,2,2,1,0.00030120,0.00667093,0.97379434,0.01396995,0.00526359,0.00000001
D:\OneDrive\Desktop\TEP-VEA\EmotionROI\images\sadness\289.jpg,4,2,0,0.07236879,0.00306411,0.80250263,0.01546293,0.10449341,0.00210815
D:\OneDrive\Desktop\TEP-VEA\EmotionROI\images\joy\289.jpg,3,3,1,0.03906867,0.00117295,0.38249877,0.43866012,0.12218285,0.01641657
D:\OneDrive\Desktop\TEP-VEA\EmotionROI\images\sadness\290.jpg,4,2,0,0.14569286,0.00461203,0.60419548,0.06256802,0.16595854,0.01697312
D:\OneDrive\Desktop\TEP-VEA\EmotionROI\images\sadness\291.jpg,4,2,0,0.10422614,0.00065001,0.69780117,0.00960235,0.18622312,0.00149722
D:\OneDrive\Desktop\TEP-VEA\EmotionROI\images\anger\291.jpg,0,2,0,0.18067804,0.00148536,0.74876177,0.03145282,0.03526835,0.00235361
D:\OneDrive\Desktop\TEP-VEA\EmotionROI\images\fear\291.jpg,2,2,1,0.06892413,0.00040587,0.88955277,0.00528882,0.03550846,0.00031997
D:\OneDrive\Desktop\TEP-VEA\EmotionROI\images\joy\290.jpg,3,2,0,0.15926190,0.00051958,0.63691783,0.03832359,0.16191617,0.00306089
D:\OneDrive\Desktop\TEP-VEA\EmotionROI\images\surprise\290.jpg,5,2,0,0.06274445,0.00164529,0.90586656,0.01319288,0.01388657,0.00266424
D:\OneDrive\Desktop\TEP-VEA\EmotionROI\images\disgust\291.jpg,1,2,0,0.28470129,0.03963444,0.34705096,0.10462809,0.07793015,0.14605503
D:\OneDrive\Desktop\TEP-VEA\EmotionROI\images\surprise\291.jpg,5,2,0,0.05493729,0.00348039,0.69645327,0.10289724,0.13182598,0.01040582
D:\OneDrive\Desktop\TEP-VEA\EmotionROI\images\joy\291.jpg,3,2,0,0.11676154,0.00015246,0.70407921,0.07235066,0.10448880,0.00216733
D:\OneDrive\Desktop\TEP-VEA\EmotionROI\images\joy\292.jpg,3,2,0,0.14340279,0.00216138,0.52439940,0.11271674,0.08874182,0.12857786
D:\OneDrive\Desktop\TEP-VEA\EmotionROI\images\anger\292.jpg,0,2,0,0.18332218,0.00043162,0.64011979,0.03339582,0.13892496,0.00380567
D:\OneDrive\Desktop\TEP-VEA\EmotionROI\images\sadness\292.jpg,4,4,1,0.02780575,0.00017006,0.45267221,0.01801479,0.49700922,0.00432795
D:\OneDrive\Desktop\TEP-VEA\EmotionROI\images\fear\292.jpg,2,0,0,0.52638942,0.00116334,0.39576015,0.02913267,0.04464515,0.00290921
D:\OneDrive\Desktop\TEP-VEA\EmotionROI\images\surprise\292.jpg,5,2,0,0.17098139,0.00752762,0.46515158,0.06580680,0.25305367,0.03747901
D:\OneDrive\Desktop\TEP-VEA\EmotionROI\images\fear\293.jpg,2,2,1,0.06859313,0.00049441,0.89879215,0.01207821,0.01913247,0.00090954
D:\OneDrive\Desktop\TEP-VEA\EmotionROI\images\disgust\292.jpg,1,2,0,0.11624951,0.08877043,0.49212256,0.12211152,0.14718576,0.03356022
D:\OneDrive\Desktop\TEP-VEA\EmotionROI\images\disgust\293.jpg,1,2,0,0.14450105,0.05363331,0.53263974,0.04499493,0.21548551,0.00874542
D:\OneDrive\Desktop\TEP-VEA\EmotionROI\images\anger\293.jpg,0,2,0,0.31968170,0.00121011,0.33269095,0.09032445,0.18470754,0.07138528
D:\OneDrive\Desktop\TEP-VEA\EmotionROI\images\surprise\293.jpg,5,2,0,0.16529696,0.00127018,0.33757684,0.31458464,0.15998687,0.02128452
D:\OneDrive\Desktop\TEP-VEA\EmotionROI\images\sadness\293.jpg,4,2,0,0.08296818,0.00053213,0.76607698,0.01240393,0.13590823,0.00211056
D:\OneDrive\Desktop\TEP-VEA\EmotionROI\images\anger\294.jpg,0,2,0,0.17890479,0.00093273,0.55789667,0.17774910,0.06959169,0.01492498
D:\OneDrive\Desktop\TEP-VEA\EmotionROI\images\surprise\294.jpg,5,2,0,0.07057973,0.00106346,0.67312920,0.04257923,0.19998893,0.01265942
D:\OneDrive\Desktop\TEP-VEA\EmotionROI\images\joy\293.jpg,3,2,0,0.14861271,0.02870584,0.31416318,0.29711848,0.10845221,0.10294759
D:\OneDrive\Desktop\TEP-VEA\EmotionROI\images\sadness\294.jpg,4,2,0,0.10385936,0.00036740,0.76212150,0.00265386,0.13040170,0.00059623
D:\OneDrive\Desktop\TEP-VEA\EmotionROI\images\joy\294.jpg,3,2,0,0.26866886,0.00186687,0.37746915,0.24698274,0.07609310,0.02891928
D:\OneDrive\Desktop\TEP-VEA\EmotionROI\images\disgust\294.jpg,1,2,0,0.01847331,0.01216165,0.85186470,0.02495093,0.08892299,0.00362639
D:\OneDrive\Desktop\TEP-VEA\EmotionROI\images\fear\294.jpg,2,0,0,0.71377426,0.00065245,0.27106419,0.00597528,0.00722425,0.00130948
D:\OneDrive\Desktop\TEP-VEA\EmotionROI\images\fear\295.jpg,2,2,1,0.04271406,0.00034646,0.91300958,0.01003355,0.03253265,0.00136378
D:\OneDrive\Desktop\TEP-VEA\EmotionROI\images\anger\295.jpg,0,2,0,0.35965788,0.00015957,0.60424453,0.00479587,0.02978432,0.00135777
D:\OneDrive\Desktop\TEP-VEA\EmotionROI\images\sadness\295.jpg,4,2,0,0.13730049,0.00044259,0.79480696,0.03246623,0.03354374,0.00144004
D:\OneDrive\Desktop\TEP-VEA\EmotionROI\images\disgust\295.jpg,1,2,0,0.01884023,0.01264787,0.84461439,0.02426245,0.09938071,0.00025432
D:\OneDrive\Desktop\TEP-VEA\EmotionROI\images\surprise\295.jpg,5,2,0,0.15845680,0.00081042,0.36269510,0.19883105,0.06836322,0.21084340
D:\OneDrive\Desktop\TEP-VEA\EmotionROI\images\fear\296.jpg,2,2,1,0.22543494,0.00136114,0.71331787,0.00254060,0.05712196,0.00022353
D:\OneDrive\Desktop\TEP-VEA\EmotionROI\images\joy\295.jpg,3,2,0,0.03260108,0.00265035,0.40789735,0.35701686,0.13161767,0.06821676
D:\OneDrive\Desktop\TEP-VEA\EmotionROI\images\anger\296.jpg,0,2,0,0.10599093,0.01813883,0.79080123,0.03448366,0.04593771,0.00464769
D:\OneDrive\Desktop\TEP-VEA\EmotionROI\images\disgust\296.jpg,1,2,0,0.03525659,0.02487518,0.85872704,0.03512959,0.03226796,0.01374364
D:\OneDrive\Desktop\TEP-VEA\EmotionROI\images\surprise\296.jpg,5,2,0,0.04944782,0.00047704,0.89938587,0.00754997,0.04177267,0.00136662
D:\OneDrive\Desktop\TEP-VEA\EmotionROI\images\surprise\297.jpg,5,2,0,0.17685460,0.00104985,0.51355171,0.14462422,0.12363287,0.04028677
D:\OneDrive\Desktop\TEP-VEA\EmotionROI\images\fear\297.jpg,2,2,1,0.05344197,0.00102997,0.91983712,0.00317935,0.02181602,0.00069558
D:\OneDrive\Desktop\TEP-VEA\EmotionROI\images\sadness\296.jpg,4,4,1,0.17766944,0.00316720,0.27654204,0.11646832,0.41567981,0.01047320
D:\OneDrive\Desktop\TEP-VEA\EmotionROI\images\joy\296.jpg,3,2,0,0.07131027,0.00147754,0.53425527,0.28940582,0.09264275,0.01090831
D:\OneDrive\Desktop\TEP-VEA\EmotionROI\images\anger\297.jpg,0,0,1,0.66183174,0.00010145,0.31293523,0.00732569,0.01557305,0.00223285
D:\OneDrive\Desktop\TEP-VEA\EmotionROI\images\sadness\297.jpg,4,2,0,0.04564652,0.00022658,0.89977467,0.00319073,0.05045719,0.00070427
D:\OneDrive\Desktop\TEP-VEA\EmotionROI\images\disgust\297.jpg,1,2,0,0.05802619,0.00604309,0.80095762,0.02372024,0.09562415,0.01562872
D:\OneDrive\Desktop\TEP-VEA\EmotionROI\images\joy\297.jpg,3,2,0,0.10884605,0.00302762,0.63291705,0.06634514,0.16862872,0.02023541
D:\OneDrive\Desktop\TEP-VEA\EmotionROI\images\disgust\298.jpg,1,2,0,0.06800617,0.02354151,0.81284416,0.02899164,0.05990834,0.00670824
D:\OneDrive\Desktop\TEP-VEA\EmotionROI\images\fear\298.jpg,2,2,1,0.05191465,0.00294073,0.93198907,0.00166954,0.01121613,0.00026983
D:\OneDrive\Desktop\TEP-VEA\EmotionROI\images\disgust\299.jpg,1,2,0,0.10034187,0.00573891,0.84479856,0.00561082,0.04062923,0.00288056
D:\OneDrive\Desktop\TEP-VEA\EmotionROI\images\anger\298.jpg,0,2,0,0.25711367,0.00015449,0.69467068,0.00887086,0.03551188,0.00367850
D:\OneDrive\Desktop\TEP-VEA\EmotionROI\images\joy\298.jpg,3,2,0,0.10137407,0.00195946,0.63856858,0.08724045,0.11748631,0.05337115
D:\OneDrive\Desktop\TEP-VEA\EmotionROI\images\anger\299.jpg,0,2,0,0.29052737,0.00049040,0.61961478,0.00946761,0.07263137,0.00726842
D:\OneDrive\Desktop\TEP-VEA\EmotionROI\images\sadness\298.jpg,4,4,1,0.04646188,0.00156871,0.22688879,0.03816860,0.68357468,0.00333731
D:\OneDrive\Desktop\TEP-VEA\EmotionROI\images\fear\299.jpg,2,2,1,0.03534570,0.00044066,0.86770028,0.01793730,0.07718973,0.00138636
D:\OneDrive\Desktop\TEP-VEA\EmotionROI\images\surprise\298.jpg,5,0,0,0.52027029,0.00165730,0.38050196,0.02087845,0.07019076,0.00650128
D:\OneDrive\Desktop\TEP-VEA\EmotionROI\images\joy\299.jpg,3,2,0,0.07396835,0.00126417,0.67745960,0.15074423,0.08941928,0.00714440
D:\OneDrive\Desktop\TEP-VEA\EmotionROI\images\joy\300.jpg,3,3,1,0.03946249,0.00084153,0.33399972,0.51287389,0.10554581,0.00727655
D:\OneDrive\Desktop\TEP-VEA\EmotionROI\images\sadness\299.jpg,4,4,1,0.03431536,0.00034794,0.29437420,0.04776428,0.62066543,0.00253278
D:\OneDrive\Desktop\TEP-VEA\EmotionROI\images\surprise\299.jpg,5,2,0,0.06478084,0.00175759,0.79794133,0.02235736,0.04081450,0.07234838
D:\OneDrive\Desktop\TEP-VEA\EmotionROI\images\anger\300.jpg,0,2,0,0.23798645,0.00042254,0.72521245,0.00567925,0.02879336,0.00190595
D:\OneDrive\Desktop\TEP-VEA\EmotionROI\images\disgust\300.jpg,1,2,0,0.10861794,0.13839182,0.43124300,0.15138225,0.14217946,0.02818558
D:\OneDrive\Desktop\TEP-VEA\EmotionROI\images\surprise\300.jpg,5,2,0,0.17396270,0.00285161,0.45946878,0.22690655,0.07748892,0.05932145
D:\OneDrive\Desktop\TEP-VEA\EmotionROI\images\sadness\300.jpg,4,2,0,0.23604377,0.00331943,0.55168986,0.05406923,0.14023042,0.01464726
D:\OneDrive\Desktop\TEP-VEA\EmotionROI\images\fear\300.jpg,2,2,1,0.07721022,0.00312325,0.82587290,0.01679137,0.06132312,0.01567913
D:\OneDrive\Desktop\TEP-VEA\EmotionROI\images\anger\301.jpg,0,2,0,0.23328549,0.00025506,0.69343477,0.01665951,0.05151471,0.00485048
D:\OneDrive\Desktop\TEP-VEA\EmotionROI\images\disgust\301.jpg,1,2,0,0.38824323,0.04694157,0.46397167,0.02138088,0.05823653,0.02122614
D:\OneDrive\Desktop\TEP-VEA\EmotionROI\images\fear\301.jpg,2,2,1,0.05454494,0.00045499,0.48387954,0.00455915,0.44861200,0.00794935
D:\OneDrive\Desktop\TEP-VEA\EmotionROI\images\fear\302.jpg,2,2,1,0.03759288,0.00031640,0.92915159,0.00520407,0.02444825,0.00328684
D:\OneDrive\Desktop\TEP-VEA\EmotionROI\images\sadness\301.jpg,4,2,0,0.15826936,0.00109599,0.57307857,0.01950229,0.24445887,0.00359492
D:\OneDrive\Desktop\TEP-VEA\EmotionROI\images\disgust\302.jpg,1,2,0,0.05272394,0.14380895,0.73149210,0.02956166,0.03657842,0.00583496
D:\OneDrive\Desktop\TEP-VEA\EmotionROI\images\joy\301.jpg,3,3,1,0.09046268,0.00635661,0.31420398,0.45858935,0.10146464,0.02892276
D:\OneDrive\Desktop\TEP-VEA\EmotionROI\images\surprise\301.jpg,5,2,0,0.01776619,0.00193684,0.52097994,0.43022168,0.02635906,0.00273631
D:\OneDrive\Desktop\TEP-VEA\EmotionROI\images\anger\302.jpg,0,2,0,0.09153152,0.00050671,0.85602748,0.00428142,0.04532889,0.00232404
D:\OneDrive\Desktop\TEP-VEA\EmotionROI\images\joy\302.jpg,3,2,0,0.07160378,0.00246370,0.72814906,0.11941117,0.07032225,0.00805002
D:\OneDrive\Desktop\TEP-VEA\EmotionROI\images\anger\303.jpg,0,0,1,0.76163435,0.00326838,0.20071834,0.01362743,0.01668734,0.00406413
D:\OneDrive\Desktop\TEP-VEA\EmotionROI\images\disgust\303.jpg,1,2,0,0.13677189,0.21812627,0.46176973,0.05984231,0.06869335,0.05479645
D:\OneDrive\Desktop\TEP-VEA\EmotionROI\images\surprise\302.jpg,5,2,0,0.13004249,0.00058197,0.73286527,0.04818075,0.08269638,0.00563317
D:\OneDrive\Desktop\TEP-VEA\EmotionROI\images\fear\303.jpg,2,2,1,0.02867927,0.00083024,0.93679261,0.00199083,0.03130074,0.00040637
D:\OneDrive\Desktop\TEP-VEA\EmotionROI\images\sadness\302.jpg,4,2,0,0.16546698,0.00113887,0.42993596,0.02464129,0.37572220,0.00309471
D:\OneDrive\Desktop\TEP-VEA\EmotionROI\images\surprise\303.jpg,5,2,0,0.19999400,0.00083147,0.51180613,0.14162014,0.08471204,0.06103628
D:\OneDrive\Desktop\TEP-VEA\EmotionROI\images\sadness\303.jpg,4,2,0,0.03951913,0.00016818,0.55080205,0.00325315,0.40623972,0.00001781
D:\OneDrive\Desktop\TEP-VEA\EmotionROI\images\joy\303.jpg,3,2,0,0.21322696,0.00531040,0.60110211,0.12014975,0.05141081,0.00879998
D:\OneDrive\Desktop\TEP-VEA\EmotionROI\images\fear\304.jpg,2,2,1,0.02079919,0.00028755,0.95648175,0.00330712,0.01893887,0.00018551
D:\OneDrive\Desktop\TEP-VEA\EmotionROI\images\surprise\304.jpg,5,0,0,0.38065135,0.00115119,0.36059320,0.19051778,0.04369455,0.02339187
D:\OneDrive\Desktop\TEP-VEA\EmotionROI\images\disgust\304.jpg,1,2,0,0.27596572,0.03599347,0.39231527,0.15816948,0.10436130,0.03319478
D:\OneDrive\Desktop\TEP-VEA\EmotionROI\images\sadness\304.jpg,4,2,0,0.06407012,0.00087664,0.52206033,0.01315385,0.39786050,0.00197855
D:\OneDrive\Desktop\TEP-VEA\EmotionROI\images\anger\304.jpg,0,2,0,0.05652004,0.00177970,0.82932281,0.03857731,0.07214591,0.00165422
D:\OneDrive\Desktop\TEP-VEA\EmotionROI\images\anger\305.jpg,0,2,0,0.33001220,0.00088029,0.57839245,0.01381789,0.06241524,0.01448189
D:\OneDrive\Desktop\TEP-VEA\EmotionROI\images\disgust\305.jpg,1,2,0,0.12258451,0.04511321,0.75455844,0.01160812,0.06359866,0.00253704
D:\OneDrive\Desktop\TEP-VEA\EmotionROI\images\fear\305.jpg,2,2,1,0.09816263,0.01778470,0.72984529,0.02274425,0.12351541,0.00794779
D:\OneDrive\Desktop\TEP-VEA\EmotionROI\images\joy\304.jpg,3,2,0,0.08160298,0.00176973,0.52554303,0.26293162,0.11285638,0.01529617
D:\OneDrive\Desktop\TEP-VEA\EmotionROI\images\surprise\305.jpg,5,2,0,0.31113175,0.00106351,0.51150411,0.07148750,0.08509875,0.01971437
D:\OneDrive\Desktop\TEP-VEA\EmotionROI\images\sadness\305.jpg,4,2,0,0.07480268,0.00016392,0.48901281,0.00485481,0.43053314,0.00063259
D:\OneDrive\Desktop\TEP-VEA\EmotionROI\images\anger\306.jpg,0,2,0,0.04486990,0.00486911,0.90159386,0.02121506,0.02636949,0.00108255
D:\OneDrive\Desktop\TEP-VEA\EmotionROI\images\joy\305.jpg,3,2,0,0.08582757,0.00540596,0.41234937,0.18118335,0.28318644,0.03204728
D:\OneDrive\Desktop\TEP-VEA\EmotionROI\images\sadness\306.jpg,4,2,0,0.06937671,0.00379851,0.68796390,0.03925146,0.19534889,0.00426053
D:\OneDrive\Desktop\TEP-VEA\EmotionROI\images\disgust\306.jpg,1,2,0,0.15510666,0.11354939,0.55654836,0.08324277,0.07312822,0.01842458
D:\OneDrive\Desktop\TEP-VEA\EmotionROI\images\fear\306.jpg,2,2,1,0.06843326,0.00129915,0.71012259,0.02107077,0.19624430,0.00282992
D:\OneDrive\Desktop\TEP-VEA\EmotionROI\images\surprise\306.jpg,5,2,0,0.13660257,0.01320401,0.73637265,0.04550421,0.04552765,0.02278894
D:\OneDrive\Desktop\TEP-VEA\EmotionROI\images\joy\306.jpg,3,2,0,0.08479653,0.00111215,0.66247183,0.21101360,0.01825081,0.02235512
D:\OneDrive\Desktop\TEP-VEA\EmotionROI\images\fear\307.jpg,2,2,1,0.00599082,0.00067147,0.98366839,0.00255115,0.00706768,0.00005055
D:\OneDrive\Desktop\TEP-VEA\EmotionROI\images\sadness\307.jpg,4,4,1,0.08280729,0.00012678,0.20246063,0.00358322,0.71066552,0.00035656
D:\OneDrive\Desktop\TEP-VEA\EmotionROI\images\joy\307.jpg,3,2,0,0.06731040,0.00092001,0.70075244,0.06382409,0.13869330,0.02849980
D:\OneDrive\Desktop\TEP-VEA\EmotionROI\images\surprise\307.jpg,5,2,0,0.04104676,0.00221911,0.76433307,0.09280943,0.08453608,0.01505558
D:\OneDrive\Desktop\TEP-VEA\EmotionROI\images\disgust\307.jpg,1,2,0,0.03293644,0.00042403,0.94704187,0.00422062,0.01519736,0.00017970
D:\OneDrive\Desktop\TEP-VEA\EmotionROI\images\anger\307.jpg,0,2,0,0.31191906,0.00038488,0.64070612,0.00534349,0.04033539,0.00131100
D:\OneDrive\Desktop\TEP-VEA\EmotionROI\images\fear\308.jpg,2,2,1,0.03503532,0.00097926,0.84905517,0.00564293,0.10806365,0.00122375
D:\OneDrive\Desktop\TEP-VEA\EmotionROI\images\anger\308.jpg,0,0,1,0.64720803,0.00025994,0.33318090,0.00313755,0.01002235,0.00619123
D:\OneDrive\Desktop\TEP-VEA\EmotionROI\images\disgust\308.jpg,1,2,0,0.00646026,0.44581932,0.53203481,0.00561706,0.00828986,0.00177862
D:\OneDrive\Desktop\TEP-VEA\EmotionROI\images\sadness\308.jpg,4,2,0,0.02394162,0.00287899,0.91801006,0.01102496,0.04388900,0.00025534
D:\OneDrive\Desktop\TEP-VEA\EmotionROI\images\anger\309.jpg,0,2,0,0.31286293,0.00455514,0.44216177,0.01895609,0.21505533,0.00640877
D:\OneDrive\Desktop\TEP-VEA\EmotionROI\images\disgust\309.jpg,1,2,0,0.10484127,0.02926798,0.60782671,0.03685424,0.15204090,0.06916892
D:\OneDrive\Desktop\TEP-VEA\EmotionROI\images\surprise\308.jpg,5,2,0,0.13228048,0.00252696,0.62253827,0.14569744,0.08367024,0.01328657
D:\OneDrive\Desktop\TEP-VEA\EmotionROI\images\sadness\309.jpg,4,2,0,0.12123367,0.00240696,0.74070108,0.00418019,0.13079904,0.00067898
D:\OneDrive\Desktop\TEP-VEA\EmotionROI\images\fear\309.jpg,2,2,1,0.05584579,0.00008032,0.91676843,0.00159755,0.02562377,0.00008414
D:\OneDrive\Desktop\TEP-VEA\EmotionROI\images\joy\308.jpg,3,2,0,0.09221800,0.00147931,0.74166697,0.09414128,0.03518737,0.03530707
D:\OneDrive\Desktop\TEP-VEA\EmotionROI\images\surprise\309.jpg,5,2,0,0.05449191,0.00113219,0.81661111,0.03561675,0.07906859,0.01307942
D:\OneDrive\Desktop\TEP-VEA\EmotionROI\images\joy\309.jpg,3,2,0,0.17850180,0.00232169,0.60380346,0.06950744,0.07626934,0.06959624
D:\OneDrive\Desktop\TEP-VEA\EmotionROI\images\fear\310.jpg,2,2,1,0.00252749,0.04309648,0.91084409,0.03140430,0.01212726,0.00000043
D:\OneDrive\Desktop\TEP-VEA\EmotionROI\images\surprise\310.jpg,5,2,0,0.10983849,0.00124850,0.70936662,0.08106484,0.05790264,0.04057889
D:\OneDrive\Desktop\TEP-VEA\EmotionROI\images\disgust\310.jpg,1,2,0,0.05109710,0.00089712,0.63761830,0.01687759,0.29253432,0.00097555
D:\OneDrive\Desktop\TEP-VEA\EmotionROI\images\anger\310.jpg,0,2,0,0.41808173,0.00087686,0.47371703,0.04000755,0.06386581,0.00345100
D:\OneDrive\Desktop\TEP-VEA\EmotionROI\images\anger\311.jpg,0,0,1,0.52687097,0.00007211,0.46677223,0.00126573,0.00425994,0.00075900
D:\OneDrive\Desktop\TEP-VEA\EmotionROI\images\joy\310.jpg,3,2,0,0.10898584,0.00125376,0.70172381,0.09655561,0.06742198,0.02405893
D:\OneDrive\Desktop\TEP-VEA\EmotionROI\images\disgust\311.jpg,1,2,0,0.05582224,0.00820969,0.88424027,0.01754282,0.03271599,0.00146898
D:\OneDrive\Desktop\TEP-VEA\EmotionROI\images\sadness\310.jpg,4,4,1,0.07256436,0.00021630,0.23319125,0.00687213,0.68574905,0.00140688
D:\OneDrive\Desktop\TEP-VEA\EmotionROI\images\fear\311.jpg,2,2,1,0.03944459,0.00006693,0.90169048,0.00229016,0.05623162,0.00027625
D:\OneDrive\Desktop\TEP-VEA\EmotionROI\images\disgust\312.jpg,1,2,0,0.28194949,0.06175487,0.46513546,0.05361582,0.08611271,0.05143160
D:\OneDrive\Desktop\TEP-VEA\EmotionROI\images\surprise\311.jpg,5,2,0,0.07454036,0.00315336,0.54933316,0.27006611,0.04909698,0.05380999
D:\OneDrive\Desktop\TEP-VEA\EmotionROI\images\surprise\312.jpg,5,2,0,0.09647173,0.00561586,0.68333662,0.09316805,0.04832815,0.07307965
D:\OneDrive\Desktop\TEP-VEA\EmotionROI\images\fear\312.jpg,2,2,1,0.01112067,0.00000927,0.98443651,0.00025403,0.00416780,0.00001166
D:\OneDrive\Desktop\TEP-VEA\EmotionROI\images\sadness\311.jpg,4,2,0,0.04049527,0.00010619,0.61354792,0.02958872,0.31478864,0.00147334
D:\OneDrive\Desktop\TEP-VEA\EmotionROI\images\anger\312.jpg,0,2,0,0.39414072,0.00802226,0.47818527,0.03180184,0.07631449,0.01153538
D:\OneDrive\Desktop\TEP-VEA\EmotionROI\images\joy\311.jpg,3,2,0,0.16205905,0.00026669,0.64288086,0.12274160,0.05877940,0.01327244
D:\OneDrive\Desktop\TEP-VEA\EmotionROI\images\sadness\312.jpg,4,2,0,0.01310129,0.00060322,0.83962804,0.00107255,0.14441702,0.00117782
D:\OneDrive\Desktop\TEP-VEA\EmotionROI\images\joy\312.jpg,3,2,0,0.16321157,0.00133838,0.49959746,0.18798356,0.13706066,0.01080835
D:\OneDrive\Desktop\TEP-VEA\EmotionROI\images\fear\313.jpg,2,2,1,0.03681293,0.00081464,0.92542976,0.00730767,0.02841405,0.00122089
D:\OneDrive\Desktop\TEP-VEA\EmotionROI\images\joy\313.jpg,3,2,0,0.03455471,0.00108870,0.81149709,0.05121514,0.09952234,0.00212207
D:\OneDrive\Desktop\TEP-VEA\EmotionROI\images\anger\313.jpg,0,0,1,0.43530464,0.00757030,0.34805200,0.07656207,0.04915883,0.08335223
D:\OneDrive\Desktop\TEP-VEA\EmotionROI\images\surprise\313.jpg,5,3,0,0.02317388,0.00175278,0.13993001,0.71417946,0.08762804,0.03333584
D:\OneDrive\Desktop\TEP-VEA\EmotionROI\images\anger\314.jpg,0,2,0,0.29455477,0.00121287,0.54963607,0.02879521,0.12261124,0.00318988
D:\OneDrive\Desktop\TEP-VEA\EmotionROI\images\sadness\313.jpg,4,2,0,0.12518111,0.00139262,0.67222947,0.01584884,0.17727664,0.00807122
D:\OneDrive\Desktop\TEP-VEA\EmotionROI\images\disgust\313.jpg,1,2,0,0.30136234,0.07100733,0.45351011,0.03627890,0.11777236,0.02006898
D:\OneDrive\Desktop\TEP-VEA\EmotionROI\images\disgust\314.jpg,1,2,0,0.27365941,0.05601837,0.55839986,0.04183255,0.04809109,0.02199865
D:\OneDrive\Desktop\TEP-VEA\EmotionROI\images\fear\314.jpg,2,2,1,0.00369939,0.00007928,0.99311161,0.00031856,0.00275192,0.00003920
D:\OneDrive\Desktop\TEP-VEA\EmotionROI\images\disgust\315.jpg,1,2,0,0.08417467,0.00868339,0.88317394,0.00620882,0.01705058,0.00070850
D:\OneDrive\Desktop\TEP-VEA\EmotionROI\images\fear\315.jpg,2,2,1,0.06883221,0.00033677,0.73555034,0.05206402,0.13823868,0.00497795
D:\OneDrive\Desktop\TEP-VEA\EmotionROI\images\joy\314.jpg,3,2,0,0.12850623,0.00640863,0.34006616,0.22282885,0.22467810,0.07751204
D:\OneDrive\Desktop\TEP-VEA\EmotionROI\images\anger\315.jpg,0,2,0,0.28331745,0.00386094,0.68657738,0.01064467,0.00889107,0.00670850
D:\OneDrive\Desktop\TEP-VEA\EmotionROI\images\sadness\314.jpg,4,4,1,0.14016099,0.00046570,0.39405364,0.00837233,0.45384392,0.00310335
D:\OneDrive\Desktop\TEP-VEA\EmotionROI\images\sadness\315.jpg,4,2,0,0.26974910,0.00495307,0.53878343,0.02686535,0.15601283,0.00363619
D:\OneDrive\Desktop\TEP-VEA\EmotionROI\images\surprise\314.jpg,5,2,0,0.14894909,0.00215283,0.56808549,0.08077227,0.18587190,0.01416844
D:\OneDrive\Desktop\TEP-VEA\EmotionROI\images\surprise\315.jpg,5,2,0,0.12274007,0.00241334,0.79113871,0.01951378,0.01528701,0.04890709
D:\OneDrive\Desktop\TEP-VEA\EmotionROI\images\joy\315.jpg,3,2,0,0.13083917,0.00127916,0.64987481,0.07197960,0.07288951,0.07313769
D:\OneDrive\Desktop\TEP-VEA\EmotionROI\images\anger\316.jpg,0,2,0,0.11892017,0.00050288,0.78260356,0.00386104,0.09315929,0.00095303
D:\OneDrive\Desktop\TEP-VEA\EmotionROI\images\sadness\316.jpg,4,2,0,0.12312619,0.00112114,0.69862020,0.02403644,0.14670993,0.00638619
D:\OneDrive\Desktop\TEP-VEA\EmotionROI\images\fear\316.jpg,2,2,1,0.23464395,0.00274595,0.68097174,0.04128620,0.03313775,0.00721440
D:\OneDrive\Desktop\TEP-VEA\EmotionROI\images\fear\317.jpg,2,2,1,0.10386318,0.00043865,0.82051408,0.00637827,0.06834313,0.00046276
D:\OneDrive\Desktop\TEP-VEA\EmotionROI\images\surprise\316.jpg,5,2,0,0.09282611,0.00087994,0.83985913,0.04054571,0.02038946,0.00549967
D:\OneDrive\Desktop\TEP-VEA\EmotionROI\images\disgust\316.jpg,1,2,0,0.05569461,0.04996929,0.80654955,0.02605510,0.04486525,0.01686624
D:\OneDrive\Desktop\TEP-VEA\EmotionROI\images\joy\316.jpg,3,3,1,0.10159215,0.01050906,0.30820718,0.37413189,0.17837447,0.02718527
D:\OneDrive\Desktop\TEP-VEA\EmotionROI\images\anger\317.jpg,0,0,1,0.53271365,0.00015271,0.44778493,0.00301205,0.01361570,0.00272098
D:\OneDrive\Desktop\TEP-VEA\EmotionROI\images\disgust\317.jpg,1,2,0,0.12436970,0.01375926,0.59871525,0.01936430,0.23507264,0.00871889
D:\OneDrive\Desktop\TEP-VEA\EmotionROI\images\sadness\317.jpg,4,4,1,0.07817613,0.00009706,0.24156499,0.00364066,0.67621917,0.00030195
D:\OneDrive\Desktop\TEP-VEA\EmotionROI\images\sadness\318.jpg,4,2,0,0.05839053,0.00386195,0.41178933,0.33682263,0.16649231,0.02264325
D:\OneDrive\Desktop\TEP-VEA\EmotionROI\images\fear\318.jpg,2,2,1,0.04949064,0.00139410,0.88426113,0.00816241,0.05112416,0.00556755
D:\OneDrive\Desktop\TEP-VEA\EmotionROI\images\anger\318.jpg,0,2,0,0.23457548,0.00050989,0.67807108,0.03513706,0.04362916,0.00807731
D:\OneDrive\Desktop\TEP-VEA\EmotionROI\images\joy\317.jpg,3,3,1,0.06058935,0.00043471,0.40997922,0.46925011,0.02131940,0.03842718
D:\OneDrive\Desktop\TEP-VEA\EmotionROI\images\surprise\317.jpg,5,2,0,0.01481881,0.00228980,0.80524743,0.11990665,0.03395016,0.02378719
D:\OneDrive\Desktop\TEP-VEA\EmotionROI\images\joy\318.jpg,3,2,0,0.13730210,0.00014931,0.63266051,0.13369821,0.08977349,0.00641641
D:\OneDrive\Desktop\TEP-VEA\EmotionROI\images\surprise\318.jpg,5,2,0,0.00880116,0.00107155,0.78355366,0.19878040,0.00765955,0.00013367
D:\OneDrive\Desktop\TEP-VEA\EmotionROI\images\disgust\318.jpg,1,2,0,0.03256187,0.10410896,0.71378875,0.03589751,0.06567008,0.04797290
D:\OneDrive\Desktop\TEP-VEA\EmotionROI\images\anger\319.jpg,0,2,0,0.29788119,0.00041497,0.52431518,0.08549778,0.07886524,0.01302564
D:\OneDrive\Desktop\TEP-VEA\EmotionROI\images\joy\319.jpg,3,2,0,0.11253887,0.03571849,0.59260792,0.07943676,0.11197662,0.06772143
D:\OneDrive\Desktop\TEP-VEA\EmotionROI\images\fear\319.jpg,2,2,1,0.08893781,0.00133644,0.85144740,0.00918362,0.04595495,0.00313976
D:\OneDrive\Desktop\TEP-VEA\EmotionROI\images\sadness\319.jpg,4,2,0,0.06072436,0.00019043,0.77394366,0.00778369,0.15600555,0.00135234
D:\OneDrive\Desktop\TEP-VEA\EmotionROI\images\disgust\319.jpg,1,2,0,0.10160550,0.15098919,0.50216478,0.04989000,0.18336292,0.01198759
D:\OneDrive\Desktop\TEP-VEA\EmotionROI\images\surprise\319.jpg,5,2,0,0.19863261,0.00103182,0.60442299,0.09277321,0.04643219,0.05670720
D:\OneDrive\Desktop\TEP-VEA\EmotionROI\images\disgust\320.jpg,1,2,0,0.05816682,0.00384117,0.88949919,0.00397552,0.04316702,0.00135024
D:\OneDrive\Desktop\TEP-VEA\EmotionROI\images\anger\320.jpg,0,2,0,0.08956398,0.00055809,0.82706016,0.05033061,0.02336270,0.00912447
D:\OneDrive\Desktop\TEP-VEA\EmotionROI\images\fear\320.jpg,2,2,1,0.13591130,0.00389981,0.78885305,0.01711912,0.05348038,0.00073633
D:\OneDrive\Desktop\TEP-VEA\EmotionROI\images\disgust\321.jpg,1,1,1,0.09548650,0.47842270,0.36721405,0.02107166,0.02519597,0.01260910
D:\OneDrive\Desktop\TEP-VEA\EmotionROI\images\fear\321.jpg,2,0,0,0.49702528,0.00066269,0.48995659,0.00143795,0.00732081,0.00359659
D:\OneDrive\Desktop\TEP-VEA\EmotionROI\images\joy\320.jpg,3,2,0,0.10334145,0.00090510,0.57386720,0.08774125,0.19863428,0.03551075
D:\OneDrive\Desktop\TEP-VEA\EmotionROI\images\sadness\320.jpg,4,2,0,0.09807956,0.00069615,0.44887269,0.03762415,0.40764883,0.00707866
D:\OneDrive\Desktop\TEP-VEA\EmotionROI\images\surprise\320.jpg,5,2,0,0.23481035,0.00127169,0.59092838,0.09047420,0.03837688,0.04413845
D:\OneDrive\Desktop\TEP-VEA\EmotionROI\images\joy\321.jpg,3,2,0,0.14708318,0.00666837,0.48559293,0.17600605,0.13765535,0.04699417
D:\OneDrive\Desktop\TEP-VEA\EmotionROI\images\sadness\321.jpg,4,2,0,0.06773536,0.00045177,0.55513149,0.02125938,0.35321271,0.00220930
D:\OneDrive\Desktop\TEP-VEA\EmotionROI\images\surprise\321.jpg,5,2,0,0.04552391,0.00085574,0.56534028,0.09478433,0.28144282,0.01205286
D:\OneDrive\Desktop\TEP-VEA\EmotionROI\images\anger\321.jpg,0,2,0,0.24179320,0.00049602,0.65524459,0.03505513,0.06054254,0.00686859
D:\OneDrive\Desktop\TEP-VEA\EmotionROI\images\fear\322.jpg,2,2,1,0.12738049,0.00803650,0.84783006,0.00140205,0.01472881,0.00062210
D:\OneDrive\Desktop\TEP-VEA\EmotionROI\images\surprise\322.jpg,5,2,0,0.20168185,0.00115413,0.55918944,0.09305023,0.09869302,0.04623132
D:\OneDrive\Desktop\TEP-VEA\EmotionROI\images\anger\322.jpg,0,0,1,0.61618739,0.00042947,0.32018512,0.03212202,0.02586517,0.00521093
D:\OneDrive\Desktop\TEP-VEA\EmotionROI\images\disgust\322.jpg,1,2,0,0.21307796,0.03560574,0.52127904,0.01532668,0.19420663,0.02050391
D:\OneDrive\Desktop\TEP-VEA\EmotionROI\images\joy\322.jpg,3,3,1,0.02504594,0.00225570,0.31602252,0.40439951,0.23729043,0.01498592
D:\OneDrive\Desktop\TEP-VEA\EmotionROI\images\sadness\322.jpg,4,2,0,0.04601523,0.00030234,0.81955981,0.01362695,0.11794236,0.00255331
D:\OneDrive\Desktop\TEP-VEA\EmotionROI\images\anger\323.jpg,0,2,0,0.45742032,0.00018473,0.50973988,0.00616182,0.01949123,0.00700196
D:\OneDrive\Desktop\TEP-VEA\EmotionROI\images\fear\323.jpg,2,2,1,0.05276337,0.00079120,0.91470301,0.00298896,0.02815938,0.00059402
D:\OneDrive\Desktop\TEP-VEA\EmotionROI\images\disgust\323.jpg,1,2,0,0.10226912,0.02386914,0.82350892,0.00179798,0.04609587,0.00245899
D:\OneDrive\Desktop\TEP-VEA\EmotionROI\images\sadness\323.jpg,4,4,1,0.02880866,0.00097625,0.09384187,0.00691336,0.86898971,0.00047015
D:\OneDrive\Desktop\TEP-VEA\EmotionROI\images\disgust\324.jpg,1,2,0,0.12129240,0.06158752,0.75560880,0.02796784,0.03194309,0.00160031
D:\OneDrive\Desktop\TEP-VEA\EmotionROI\images\fear\324.jpg,2,2,1,0.00268659,0.01365269,0.91918766,0.05170756,0.01276538,0.00000016
D:\OneDrive\Desktop\TEP-VEA\EmotionROI\images\joy\323.jpg,3,2,0,0.06792028,0.00790227,0.43645847,0.31146294,0.13441294,0.04184313
D:\OneDrive\Desktop\TEP-VEA\EmotionROI\images\surprise\323.jpg,5,2,0,0.06650751,0.00270774,0.53691614,0.24966796,0.07830041,0.06590023
D:\OneDrive\Desktop\TEP-VEA\EmotionROI\images\sadness\324.jpg,4,2,0,0.02646246,0.00190441,0.58177429,0.31165811,0.07717248,0.00102825
D:\OneDrive\Desktop\TEP-VEA\EmotionROI\images\joy\324.jpg,3,2,0,0.05972758,0.00173815,0.61608905,0.08507348,0.20284833,0.03452339
D:\OneDrive\Desktop\TEP-VEA\EmotionROI\images\surprise\324.jpg,5,2,0,0.07129973,0.00566597,0.43337819,0.37355912,0.09322698,0.02287003
D:\OneDrive\Desktop\TEP-VEA\EmotionROI\images\anger\324.jpg,0,2,0,0.06018690,0.00863583,0.77110416,0.07843367,0.07181698,0.00982250
D:\OneDrive\Desktop\TEP-VEA\EmotionROI\images\anger\325.jpg,0,2,0,0.23737304,0.00120047,0.70557004,0.01209373,0.04033248,0.00343023
D:\OneDrive\Desktop\TEP-VEA\EmotionROI\images\disgust\325.jpg,1,2,0,0.18281384,0.00638628,0.72255254,0.03706428,0.04700992,0.00417315
D:\OneDrive\Desktop\TEP-VEA\EmotionROI\images\disgust\326.jpg,1,2,0,0.08760723,0.07857732,0.73564023,0.00805664,0.08938195,0.00073662
D:\OneDrive\Desktop\TEP-VEA\EmotionROI\images\surprise\325.jpg,5,2,0,0.12010524,0.00196434,0.58066845,0.09072396,0.13651353,0.07002449
D:\OneDrive\Desktop\TEP-VEA\EmotionROI\images\fear\325.jpg,2,0,0,0.77774626,0.00008155,0.21238500,0.00194419,0.00370850,0.00413446
D:\OneDrive\Desktop\TEP-VEA\EmotionROI\images\fear\326.jpg,2,2,1,0.08329694,0.00070613,0.83217776,0.02635837,0.05235798,0.00510289
D:\OneDrive\Desktop\TEP-VEA\EmotionROI\images\sadness\325.jpg,4,2,0,0.06396955,0.00024387,0.87780863,0.00251418,0.05515805,0.00030566
D:\OneDrive\Desktop\TEP-VEA\EmotionROI\images\joy\325.jpg,3,2,0,0.00464169,0.01203346,0.66539818,0.30241817,0.01543701,0.00007154
D:\OneDrive\Desktop\TEP-VEA\EmotionROI\images\anger\326.jpg,0,2,0,0.07279065,0.00721774,0.65351868,0.10595064,0.14224514,0.01827722
D:\OneDrive\Desktop\TEP-VEA\EmotionROI\images\sadness\326.jpg,4,2,0,0.12023529,0.00029035,0.61122411,0.01239612,0.25229889,0.00355520
D:\OneDrive\Desktop\TEP-VEA\EmotionROI\images\fear\327.jpg,2,2,1,0.04527400,0.00009677,0.90396529,0.00291486,0.04737948,0.00036957
D:\OneDrive\Desktop\TEP-VEA\EmotionROI\images\sadness\327.jpg,4,2,0,0.11964955,0.00104641,0.43525040,0.01613047,0.42083460,0.00708857
D:\OneDrive\Desktop\TEP-VEA\EmotionROI\images\joy\326.jpg,3,2,0,0.07626200,0.00516155,0.51349658,0.23749647,0.12772352,0.03985990
D:\OneDrive\Desktop\TEP-VEA\EmotionROI\images\surprise\326.jpg,5,2,0,0.13099939,0.00105733,0.65059817,0.06279268,0.06215782,0.09239459
D:\OneDrive\Desktop\TEP-VEA\EmotionROI\images\joy\327.jpg,3,2,0,0.03288648,0.00256658,0.57005268,0.17501433,0.19928506,0.02019492
D:\OneDrive\Desktop\TEP-VEA\EmotionROI\images\surprise\327.jpg,5,2,0,0.04839250,0.00723897,0.91158783,0.00395773,0.01977135,0.00905167
D:\OneDrive\Desktop\TEP-VEA\EmotionROI\images\disgust\327.jpg,1,2,0,0.01334101,0.02175181,0.93229491,0.01460254,0.01751938,0.00049028
D:\OneDrive\Desktop\TEP-VEA\EmotionROI\images\anger\327.jpg,0,2,0,0.32826248,0.00044630,0.57097578,0.00987935,0.08815379,0.00228225
D:\OneDrive\Desktop\TEP-VEA\EmotionROI\images\disgust\328.jpg,1,2,0,0.10608958,0.03804950,0.67916232,0.03883601,0.10865020,0.02921237
D:\OneDrive\Desktop\TEP-VEA\EmotionROI\images\sadness\328.jpg,4,2,0,0.00888086,0.00042885,0.94713306,0.01093913,0.03257975,0.00003837
D:\OneDrive\Desktop\TEP-VEA\EmotionROI\images\fear\328.jpg,2,2,1,0.02077867,0.00073729,0.94174516,0.02436956,0.01064384,0.00172556
D:\OneDrive\Desktop\TEP-VEA\EmotionROI\images\fear\329.jpg,2,2,1,0.15990303,0.00158695,0.76844680,0.00311688,0.06677238,0.00017403
D:\OneDrive\Desktop\TEP-VEA\EmotionROI\images\surprise\328.jpg,5,2,0,0.12272879,0.00096189,0.82007396,0.02165505,0.02958229,0.00499803
D:\OneDrive\Desktop\TEP-VEA\EmotionROI\images\anger\328.jpg,0,2,0,0.20469554,0.00515407,0.70742315,0.01740789,0.06096079,0.00435858
D:\OneDrive\Desktop\TEP-VEA\EmotionROI\images\anger\329.jpg,0,2,0,0.12339325,0.00030166,0.83453417,0.02002519,0.01990903,0.00183670
D:\OneDrive\Desktop\TEP-VEA\EmotionROI\images\joy\328.jpg,3,3,1,0.05910365,0.00100023,0.33230388,0.36849979,0.21332771,0.02576474
D:\OneDrive\Desktop\TEP-VEA\EmotionROI\images\disgust\329.jpg,1,2,0,0.06955454,0.29821959,0.51890373,0.06107359,0.04514182,0.00710668
D:\OneDrive\Desktop\TEP-VEA\EmotionROI\images\fear\330.jpg,2,2,1,0.07788487,0.00104050,0.88160408,0.01469955,0.02333309,0.00143789
D:\OneDrive\Desktop\TEP-VEA\EmotionROI\images\surprise\329.jpg,5,2,0,0.07784177,0.00240073,0.72270727,0.08652738,0.08690646,0.02361638
D:\OneDrive\Desktop\TEP-VEA\EmotionROI\images\surprise\330.jpg,5,3,0,0.08418028,0.00276811,0.16505533,0.42540324,0.26414147,0.05845163
D:\OneDrive\Desktop\TEP-VEA\EmotionROI\images\anger\330.jpg,0,2,0,0.27375981,0.00005839,0.71380657,0.00115857,0.01055103,0.00066561
D:\OneDrive\Desktop\TEP-VEA\EmotionROI\images\joy\329.jpg,3,2,0,0.11374679,0.01273374,0.46980178,0.13484798,0.08109289,0.18777685
D:\OneDrive\Desktop\TEP-VEA\EmotionROI\images\sadness\329.jpg,4,2,0,0.28583890,0.00105772,0.46482393,0.03886841,0.19123289,0.01817813
D:\OneDrive\Desktop\TEP-VEA\EmotionROI\images\disgust\330.jpg,1,2,0,0.02934098,0.00622283,0.91240638,0.00432518,0.04673804,0.00096649
D:\OneDrive\Desktop\TEP-VEA\EmotionROI\images\joy\330.jpg,3,2,0,0.12561378,0.00714784,0.60108298,0.02179024,0.20029855,0.04406660
D:\OneDrive\Desktop\TEP-VEA\EmotionROI\images\sadness\330.jpg,4,2,0,0.14869392,0.00881941,0.70954198,0.02085134,0.10178274,0.01031059
