path,label,pred,correct,prob_0,prob_1,prob_2,prob_3,prob_4,prob_5,adapter_residual_abs_mean,adapter_residual_norm,layer_scale_mean
D:\OneDrive\Desktop\TEP-VEA\EmotionROI\images\sadness\232.jpg,4,4,1,0.00663797,0.00360070,0.06569379,0.00478474,0.89389056,0.02539231,0.56069064,21.50366020,0.01839701
D:\OneDrive\Desktop\TEP-VEA\EmotionROI\images\anger\232.jpg,0,1,0,0.00554413,0.91217971,0.00186475,0.00156049,0.00063122,0.07821973,0.64036250,24.10041046,0.01839701
D:\OneDrive\Desktop\TEP-VEA\EmotionROI\images\surprise\232.jpg,5,5,1,0.02258720,0.00449883,0.00824907,0.02776501,0.00695087,0.92994905,0.48054299,18.11472702,0.01839701
D:\OneDrive\Desktop\TEP-VEA\EmotionROI\images\disgust\232.jpg,1,1,1,0.00021606,0.99410266,0.00084206,0.00011133,0.00025384,0.00447413,0.61514896,23.31283569,0.01839701
D:\OneDrive\Desktop\TEP-VEA\EmotionROI\images\fear\232.jpg,2,0,0,0.84009659,0.00384778,0.04502957,0.00093852,0.10865557,0.00143201,0.62424862,23.47909164,0.01839701
D:\OneDrive\Desktop\TEP-VEA\EmotionROI\images\fear\233.jpg,2,2,1,0.02267904,0.00122536,0.95967925,0.00016915,0.01580378,0.00044345,0.61864400,23.63278770,0.01839701
D:\OneDrive\Desktop\TEP-VEA\EmotionROI\images\anger\233.jpg,0,2,0,0.18148223,0.00274610,0.74243748,0.00028881,0.00318425,0.06986121,0.57250422,21.78766251,0.01839701
D:\OneDrive\Desktop\TEP-VEA\EmotionROI\images\disgust\233.jpg,1,1,1,0.00029139,0.98672569,0.00081712,0.00014601,0.00009277,0.01192697,0.83952308,31.39069176,0.01839701
D:\OneDrive\Desktop\TEP-VEA\EmotionROI\images\joy\232.jpg,3,3,1,0.00145571,0.00062306,0.00213901,0.87979025,0.03109573,0.08489621,0.68694484,26.03059959,0.01839701
D:\OneDrive\Desktop\TEP-VEA\EmotionROI\images\anger\234.jpg,0,0,1,0.60923082,0.06192604,0.15324761,0.00274993,0.07739288,0.09545273,0.56741571,21.60670090,0.01839701
D:\OneDrive\Desktop\TEP-VEA\EmotionROI\images\surprise\233.jpg,5,5,1,0.02162989,0.00227044,0.00546754,0.00374612,0.00095677,0.96592915,0.68552268,25.87510681,0.01839701
D:\OneDrive\Desktop\TEP-VEA\EmotionROI\images\sadness\233.jpg,4,4,1,0.01162288,0.00017118,0.00022041,0.00110356,0.98664629,0.00023566,0.52847052,19.97990036,0.01839701
D:\OneDrive\Desktop\TEP-VEA\EmotionROI\images\joy\233.jpg,3,4,0,0.00205446,0.00018113,0.00105997,0.02647838,0.96965617,0.00056994,0.50903451,19.36550140,0.01839701
D:\OneDrive\Desktop\TEP-VEA\EmotionROI\images\disgust\234.jpg,1,2,0,0.08327539,0.00947820,0.70962071,0.00039724,0.19296876,0.00425978,0.57820386,22.01368713,0.01839701
D:\OneDrive\Desktop\TEP-VEA\EmotionROI\images\surprise\234.jpg,5,5,1,0.00338104,0.38683215,0.00387910,0.00084785,0.00027913,0.60478073,0.72313821,27.31904221,0.01839701
D:\OneDrive\Desktop\TEP-VEA\EmotionROI\images\fear\234.jpg,2,1,0,0.00790754,0.95253789,0.02218472,0.00053652,0.00807326,0.00876005,0.50357866,19.07203293,0.01839701
D:\OneDrive\Desktop\TEP-VEA\EmotionROI\images\joy\234.jpg,3,3,1,0.00020049,0.00014196,0.00013250,0.99324435,0.00158546,0.00469524,0.83432627,31.00284386,0.01839701
D:\OneDrive\Desktop\TEP-VEA\EmotionROI\images\sadness\234.jpg,4,4,1,0.00248064,0.00035787,0.00038073,0.00150816,0.99322355,0.00204904,0.61573106,23.19222832,0.01839701
D:\OneDrive\Desktop\TEP-VEA\EmotionROI\images\anger\235.jpg,0,0,1,0.98817945,0.00048250,0.00355049,0.00061069,0.00438867,0.00278819,0.55930537,21.28293228,0.01839701
D:\OneDrive\Desktop\TEP-VEA\EmotionROI\images\anger\236.jpg,0,0,1,0.99019825,0.00010047,0.00570952,0.00009456,0.00059371,0.00330346,0.62226081,23.66695976,0.01839701
D:\OneDrive\Desktop\TEP-VEA\EmotionROI\images\joy\235.jpg,3,3,1,0.00123827,0.00071918,0.00146756,0.67660898,0.31325176,0.00671431,0.62611312,23.79601288,0.01839701
D:\OneDrive\Desktop\TEP-VEA\EmotionROI\images\disgust\235.jpg,1,1,1,0.00126824,0.99191368,0.00335652,0.00031094,0.00067608,0.00247455,0.73993015,27.99972916,0.01839701
D:\OneDrive\Desktop\TEP-VEA\EmotionROI\images\fear\235.jpg,2,1,0,0.01790999,0.43761525,0.35451195,0.00173218,0.17322099,0.01500966,0.78940099,30.20394897,0.01839701
D:\OneDrive\Desktop\TEP-VEA\EmotionROI\images\sadness\235.jpg,4,2,0,0.02238210,0.01347573,0.94550484,0.00006422,0.01350831,0.00506482,0.64281094,24.33910942,0.01839701
D:\OneDrive\Desktop\TEP-VEA\EmotionROI\images\disgust\236.jpg,1,0,0,0.92833799,0.00154876,0.00804622,0.00876411,0.04065956,0.01264332,0.49116957,18.59453201,0.01839701
D:\OneDrive\Desktop\TEP-VEA\EmotionROI\images\surprise\235.jpg,5,5,1,0.00630227,0.00098972,0.00468533,0.00495060,0.00302510,0.98004705,0.54325473,20.76148605,0.01839701
D:\OneDrive\Desktop\TEP-VEA\EmotionROI\images\fear\236.jpg,2,4,0,0.02602469,0.00927233,0.08032098,0.00381306,0.78491741,0.09565154,0.72652572,27.40856171,0.01839701
D:\OneDrive\Desktop\TEP-VEA\EmotionROI\images\surprise\236.jpg,5,5,1,0.00175939,0.00075010,0.00159785,0.00207190,0.00132892,0.99249178,0.50654310,19.16641617,0.01839701
D:\OneDrive\Desktop\TEP-VEA\EmotionROI\images\joy\236.jpg,3,3,1,0.00341822,0.00037976,0.00180305,0.85531223,0.00800847,0.13107824,0.61498672,23.15612602,0.01839701
D:\OneDrive\Desktop\TEP-VEA\EmotionROI\images\surprise\237.jpg,5,5,1,0.02134598,0.29577407,0.14938417,0.02232819,0.01629353,0.49487412,0.59678167,22.34992027,0.01839701
D:\OneDrive\Desktop\TEP-VEA\EmotionROI\images\fear\237.jpg,2,5,0,0.08936647,0.00556093,0.04711340,0.05778224,0.03947238,0.76070458,0.50026643,18.90466309,0.01839701
D:\OneDrive\Desktop\TEP-VEA\EmotionROI\images\anger\237.jpg,0,4,0,0.15410709,0.01109796,0.02209078,0.07747785,0.45585960,0.27936670,0.55395591,20.96806908,0.01839701
D:\OneDrive\Desktop\TEP-VEA\EmotionROI\images\sadness\236.jpg,4,0,0,0.47035077,0.00032624,0.08756937,0.00069413,0.42136475,0.01969479,0.49160132,18.65123177,0.01839701
D:\OneDrive\Desktop\TEP-VEA\EmotionROI\images\disgust\237.jpg,1,1,1,0.00013390,0.99786735,0.00086769,0.00003705,0.00027250,0.00082155,0.85190719,32.45002747,0.01839701
D:\OneDrive\Desktop\TEP-VEA\EmotionROI\images\joy\237.jpg,3,3,1,0.00200992,0.01901931,0.01463294,0.59007204,0.02262249,0.35164326,0.68211222,25.97070885,0.01839701
D:\OneDrive\Desktop\TEP-VEA\EmotionROI\images\sadness\237.jpg,4,4,1,0.37567368,0.00917879,0.02796049,0.00815886,0.56789577,0.01113241,0.47236630,17.83944702,0.01839701
D:\OneDrive\Desktop\TEP-VEA\EmotionROI\images\joy\238.jpg,3,3,1,0.00101821,0.00022931,0.00039418,0.95832592,0.02756427,0.01246817,0.60278261,22.61289787,0.01839701
D:\OneDrive\Desktop\TEP-VEA\EmotionROI\images\surprise\238.jpg,5,5,1,0.00145898,0.00018056,0.00115797,0.00360172,0.00055211,0.99304867,0.59969294,22.69058037,0.01839701
D:\OneDrive\Desktop\TEP-VEA\EmotionROI\images\fear\238.jpg,2,2,1,0.00579810,0.00053384,0.99160576,0.00005053,0.00115112,0.00086065,0.48797712,18.63680649,0.01839701
D:\OneDrive\Desktop\TEP-VEA\EmotionROI\images\disgust\238.jpg,1,1,1,0.00042193,0.98639661,0.00180486,0.00009918,0.00046970,0.01080770,0.76771379,28.91647911,0.01839701
D:\OneDrive\Desktop\TEP-VEA\EmotionROI\images\sadness\238.jpg,4,4,1,0.00479850,0.00052425,0.00235638,0.00067508,0.97748876,0.01415701,0.49194059,18.67195892,0.01839701
D:\OneDrive\Desktop\TEP-VEA\EmotionROI\images\anger\238.jpg,0,0,1,0.97142541,0.00017920,0.01226776,0.00026623,0.00571478,0.01014663,0.59283364,22.51445389,0.01839701
D:\OneDrive\Desktop\TEP-VEA\EmotionROI\images\disgust\239.jpg,1,1,1,0.00014858,0.99900925,0.00041166,0.00003342,0.00010390,0.00029311,1.26850867,47.58440781,0.01839701
D:\OneDrive\Desktop\TEP-VEA\EmotionROI\images\fear\239.jpg,2,2,1,0.00449221,0.00029195,0.99425393,0.00004038,0.00051045,0.00041104,0.50464559,19.25170708,0.01839701
D:\OneDrive\Desktop\TEP-VEA\EmotionROI\images\anger\239.jpg,0,0,1,0.59312940,0.00202867,0.02414267,0.00379104,0.05678616,0.32012203,0.50422454,19.10973930,0.01839701
D:\OneDrive\Desktop\TEP-VEA\EmotionROI\images\anger\240.jpg,0,0,1,0.94468945,0.00009541,0.00343762,0.00443246,0.00321797,0.04412714,0.62537402,23.53169823,0.01839701
D:\OneDrive\Desktop\TEP-VEA\EmotionROI\images\disgust\240.jpg,1,1,1,0.00141335,0.93708259,0.00098244,0.00135972,0.00119148,0.05797032,0.79250097,29.88103104,0.01839701
D:\OneDrive\Desktop\TEP-VEA\EmotionROI\images\surprise\239.jpg,5,0,0,0.97861689,0.00022288,0.01561761,0.00052530,0.00143097,0.00358636,0.59198779,22.55059433,0.01839701
D:\OneDrive\Desktop\TEP-VEA\EmotionROI\images\joy\239.jpg,3,3,1,0.00419733,0.00078861,0.00321366,0.70244282,0.21892811,0.07042945,0.50023389,18.95913315,0.01839701
D:\OneDrive\Desktop\TEP-VEA\EmotionROI\images\joy\240.jpg,3,3,1,0.00033462,0.00018324,0.00041930,0.98395163,0.00526273,0.00984838,0.70684564,26.55453110,0.01839701
D:\OneDrive\Desktop\TEP-VEA\EmotionROI\images\fear\240.jpg,2,2,1,0.02197755,0.00119991,0.97041219,0.00019940,0.00369893,0.00251206,0.55347824,21.10918999,0.01839701
D:\OneDrive\Desktop\TEP-VEA\EmotionROI\images\surprise\240.jpg,5,5,1,0.00335895,0.00012727,0.00114696,0.00793192,0.00434446,0.98309052,0.71992773,27.01053429,0.01839701
D:\OneDrive\Desktop\TEP-VEA\EmotionROI\images\sadness\239.jpg,4,4,1,0.04943344,0.00987983,0.15476039,0.01254495,0.55905187,0.21432954,0.54150748,20.37664413,0.01839701
D:\OneDrive\Desktop\TEP-VEA\EmotionROI\images\sadness\240.jpg,4,1,0,0.00878579,0.92593324,0.01082109,0.00054861,0.05281179,0.00109947,0.58808869,22.24601555,0.01839701
D:\OneDrive\Desktop\TEP-VEA\EmotionROI\images\joy\241.jpg,3,3,1,0.00202767,0.00035387,0.00073873,0.76122409,0.00444030,0.23121539,0.67459190,25.23835564,0.01839701
D:\OneDrive\Desktop\TEP-VEA\EmotionROI\images\fear\241.jpg,2,4,0,0.19198187,0.00114298,0.16777708,0.00108311,0.63479972,0.00321532,0.44681424,17.03025246,0.01839701
D:\OneDrive\Desktop\TEP-VEA\EmotionROI\images\anger\241.jpg,0,2,0,0.22440563,0.00329184,0.66158110,0.00038531,0.10978555,0.00055056,0.57376575,21.92741776,0.01839701
D:\OneDrive\Desktop\TEP-VEA\EmotionROI\images\sadness\241.jpg,4,4,1,0.00160430,0.00033099,0.00730958,0.00003677,0.99059719,0.00012112,0.58446032,22.35004044,0.01839701
D:\OneDrive\Desktop\TEP-VEA\EmotionROI\images\disgust\241.jpg,1,1,1,0.00005714,0.99907506,0.00040155,0.00002363,0.00005987,0.00038281,0.88884968,33.62295532,0.01839701
D:\OneDrive\Desktop\TEP-VEA\EmotionROI\images\fear\242.jpg,2,2,1,0.00246420,0.00051743,0.99539500,0.00003698,0.00150093,0.00008537,0.68099737,25.99276733,0.01839701
D:\OneDrive\Desktop\TEP-VEA\EmotionROI\images\disgust\242.jpg,1,1,1,0.00147044,0.99174833,0.00507275,0.00004988,0.00032763,0.00133103,0.60298568,22.69369125,0.01839701
D:\OneDrive\Desktop\TEP-VEA\EmotionROI\images\surprise\241.jpg,5,3,0,0.00713055,0.00524166,0.02218803,0.46892086,0.13922615,0.35729274,0.49183863,18.67670059,0.01839701
D:\OneDrive\Desktop\TEP-VEA\EmotionROI\images\anger\242.jpg,0,4,0,0.05334482,0.00021059,0.00047308,0.00103276,0.94329202,0.00164667,0.60665864,23.12966156,0.01839701
D:\OneDrive\Desktop\TEP-VEA\EmotionROI\images\joy\242.jpg,3,5,0,0.02281502,0.00170651,0.01330100,0.26354405,0.02414040,0.67449296,0.56100667,21.12306786,0.01839701
D:\OneDrive\Desktop\TEP-VEA\EmotionROI\images\surprise\242.jpg,5,5,1,0.00856066,0.00116008,0.00423866,0.00161902,0.00059760,0.98382401,0.50638080,18.88846016,0.01839701
D:\OneDrive\Desktop\TEP-VEA\EmotionROI\images\anger\243.jpg,0,0,1,0.97959429,0.00009201,0.01771588,0.00005280,0.00118609,0.00135893,0.59782398,22.90132141,0.01839701
D:\OneDrive\Desktop\TEP-VEA\EmotionROI\images\sadness\242.jpg,4,4,1,0.01826342,0.00047020,0.00265749,0.00063681,0.97100168,0.00697045,0.56398237,21.41840744,0.01839701
D:\OneDrive\Desktop\TEP-VEA\EmotionROI\images\sadness\243.jpg,4,4,1,0.00114857,0.00014121,0.00024434,0.00017314,0.99805474,0.00023797,0.65054369,24.73618317,0.01839701
D:\OneDrive\Desktop\TEP-VEA\EmotionROI\images\joy\243.jpg,3,3,1,0.00035373,0.00019330,0.00019459,0.98968238,0.00099213,0.00858387,0.59844905,22.42916679,0.01839701
D:\OneDrive\Desktop\TEP-VEA\EmotionROI\images\fear\243.jpg,2,4,0,0.01506320,0.00039920,0.00983677,0.21323691,0.55071908,0.21074486,0.50419080,19.13459396,0.01839701
D:\OneDrive\Desktop\TEP-VEA\EmotionROI\images\surprise\243.jpg,5,3,0,0.00168945,0.00046935,0.00177333,0.96785462,0.01548485,0.01272845,0.57043743,21.58947754,0.01839701
D:\OneDrive\Desktop\TEP-VEA\EmotionROI\images\disgust\243.jpg,1,5,0,0.29075584,0.06335081,0.06451360,0.00906304,0.10334385,0.46897289,0.48387492,18.29537964,0.01839701
D:\OneDrive\Desktop\TEP-VEA\EmotionROI\images\fear\244.jpg,2,5,0,0.00253022,0.00109934,0.00081541,0.09115706,0.00356486,0.90083319,0.74557424,27.91196251,0.01839701
D:\OneDrive\Desktop\TEP-VEA\EmotionROI\images\joy\244.jpg,3,4,0,0.02065768,0.00088071,0.00175990,0.00219870,0.97362679,0.00087619,0.53876376,20.44839478,0.01839701
D:\OneDrive\Desktop\TEP-VEA\EmotionROI\images\fear\245.jpg,2,0,0,0.69468331,0.00233445,0.16794375,0.00396358,0.12847427,0.00260057,0.51897663,19.73595810,0.01839701
D:\OneDrive\Desktop\TEP-VEA\EmotionROI\images\disgust\244.jpg,1,1,1,0.00011414,0.99702471,0.00039393,0.00005991,0.00014768,0.00225961,1.06012034,40.06642914,0.01839701
D:\OneDrive\Desktop\TEP-VEA\EmotionROI\images\surprise\244.jpg,5,5,1,0.02788745,0.00064891,0.01244184,0.00265985,0.00212060,0.95424145,0.53033078,19.62279510,0.01839701
D:\OneDrive\Desktop\TEP-VEA\EmotionROI\images\sadness\244.jpg,4,2,0,0.17637493,0.00098479,0.67263567,0.00040959,0.14569715,0.00389785,0.58414924,22.36763573,0.01839701
D:\OneDrive\Desktop\TEP-VEA\EmotionROI\images\anger\244.jpg,0,3,0,0.02022488,0.00163169,0.00092530,0.79278105,0.00897501,0.17546205,0.61376584,22.90491486,0.01839701
D:\OneDrive\Desktop\TEP-VEA\EmotionROI\images\disgust\245.jpg,1,1,1,0.00005202,0.99886799,0.00027899,0.00002732,0.00009947,0.00067426,0.73711586,27.79595947,0.01839701
D:\OneDrive\Desktop\TEP-VEA\EmotionROI\images\anger\245.jpg,0,0,1,0.95687455,0.00050624,0.01084214,0.00312013,0.01791430,0.01074270,0.61474472,23.24232101,0.01839701
D:\OneDrive\Desktop\TEP-VEA\EmotionROI\images\surprise\245.jpg,5,3,0,0.00025180,0.00018832,0.00025071,0.97779936,0.00891131,0.01259850,0.61449522,23.25228882,0.01839701
D:\OneDrive\Desktop\TEP-VEA\EmotionROI\images\surprise\246.jpg,5,4,0,0.01748604,0.00672301,0.05492785,0.05889714,0.76261973,0.09934619,0.48957285,18.57784653,0.01839701
D:\OneDrive\Desktop\TEP-VEA\EmotionROI\images\joy\245.jpg,3,3,1,0.00200693,0.00070332,0.00108823,0.79218876,0.01318558,0.19082716,0.52183151,19.71954346,0.01839701
D:\OneDrive\Desktop\TEP-VEA\EmotionROI\images\joy\246.jpg,3,5,0,0.11848269,0.00311813,0.01798818,0.04946164,0.11464667,0.69630271,0.51258367,19.14052582,0.01839701
D:\OneDrive\Desktop\TEP-VEA\EmotionROI\images\sadness\245.jpg,4,0,0,0.85201514,0.00037578,0.14430664,0.00005606,0.00112441,0.00212193,0.72052336,27.57498550,0.01839701
D:\OneDrive\Desktop\TEP-VEA\EmotionROI\images\anger\246.jpg,0,0,1,0.93723357,0.00018067,0.05358132,0.00008005,0.00183609,0.00708820,0.54046261,20.62206650,0.01839701
D:\OneDrive\Desktop\TEP-VEA\EmotionROI\images\sadness\246.jpg,4,4,1,0.00295573,0.00047116,0.02964455,0.00097387,0.96557826,0.00037644,0.58346790,22.42047501,0.01839701
D:\OneDrive\Desktop\TEP-VEA\EmotionROI\images\disgust\246.jpg,1,1,1,0.00036712,0.99230582,0.00617523,0.00003692,0.00019156,0.00092344,0.63260335,24.08330536,0.01839701
D:\OneDrive\Desktop\TEP-VEA\EmotionROI\images\fear\246.jpg,2,5,0,0.01370387,0.05295303,0.27953091,0.00373226,0.00591891,0.64416111,0.59810287,22.82348633,0.01839701
D:\OneDrive\Desktop\TEP-VEA\EmotionROI\images\joy\247.jpg,3,3,1,0.01021449,0.00687053,0.00641084,0.57932669,0.08768513,0.30949232,0.51857901,19.60754776,0.01839701
D:\OneDrive\Desktop\TEP-VEA\EmotionROI\images\disgust\247.jpg,1,1,1,0.00005564,0.99935466,0.00025282,0.00003306,0.00008066,0.00022322,1.05946624,40.16864395,0.01839701
D:\OneDrive\Desktop\TEP-VEA\EmotionROI\images\sadness\247.jpg,4,4,1,0.00310251,0.00181261,0.00376279,0.00010860,0.99089360,0.00031986,0.69596648,26.53414536,0.01839701
D:\OneDrive\Desktop\TEP-VEA\EmotionROI\images\surprise\247.jpg,5,3,0,0.00073991,0.00041577,0.00068620,0.52998233,0.00504770,0.46312812,0.58179986,21.79910851,0.01839701
D:\OneDrive\Desktop\TEP-VEA\EmotionROI\images\fear\247.jpg,2,2,1,0.02289341,0.00204537,0.83522093,0.00029748,0.13925438,0.00028849,0.65899253,25.17414474,0.01839701
D:\OneDrive\Desktop\TEP-VEA\EmotionROI\images\anger\247.jpg,0,0,1,0.49949065,0.00297397,0.35797796,0.00060642,0.13277565,0.00617540,0.59457779,22.71139526,0.01839701
D:\OneDrive\Desktop\TEP-VEA\EmotionROI\images\anger\248.jpg,0,0,1,0.77219135,0.00029848,0.00679694,0.00050212,0.00183843,0.21837260,0.60695899,23.16495323,0.01839701
D:\OneDrive\Desktop\TEP-VEA\EmotionROI\images\fear\248.jpg,2,5,0,0.00288725,0.00393044,0.00778493,0.01465733,0.00097961,0.96976042,0.62606835,23.55570221,0.01839701
D:\OneDrive\Desktop\TEP-VEA\EmotionROI\images\disgust\248.jpg,1,1,1,0.00125600,0.79181510,0.17842916,0.00484530,0.00244590,0.02120849,0.60330456,23.11504173,0.01839701
D:\OneDrive\Desktop\TEP-VEA\EmotionROI\images\fear\249.jpg,2,5,0,0.00582161,0.00059019,0.00108962,0.47320145,0.01666168,0.50263542,0.67677116,25.29198074,0.01839701
D:\OneDrive\Desktop\TEP-VEA\EmotionROI\images\disgust\249.jpg,1,1,1,0.00014850,0.99888748,0.00049440,0.00004623,0.00011930,0.00030414,1.13345993,42.52855682,0.01839701
D:\OneDrive\Desktop\TEP-VEA\EmotionROI\images\joy\248.jpg,3,3,1,0.00025514,0.00031294,0.00037516,0.98465317,0.00360207,0.01080149,0.85502326,32.40243912,0.01839701
D:\OneDrive\Desktop\TEP-VEA\EmotionROI\images\sadness\248.jpg,4,0,0,0.48452994,0.00044279,0.43096161,0.00012696,0.08289469,0.00104396,0.69625425,26.45678711,0.01839701
D:\OneDrive\Desktop\TEP-VEA\EmotionROI\images\surprise\248.jpg,5,5,1,0.00055888,0.00044376,0.00055737,0.00562289,0.00037207,0.99244505,0.71264446,26.88586044,0.01839701
D:\OneDrive\Desktop\TEP-VEA\EmotionROI\images\surprise\249.jpg,5,5,1,0.00928200,0.00087609,0.03384891,0.00307808,0.00159516,0.95131981,0.44428474,16.86587524,0.01839701
D:\OneDrive\Desktop\TEP-VEA\EmotionROI\images\joy\249.jpg,3,5,0,0.00294381,0.00087482,0.00117437,0.17090103,0.00361226,0.82049370,0.84798110,31.67108154,0.01839701
D:\OneDrive\Desktop\TEP-VEA\EmotionROI\images\sadness\249.jpg,4,1,0,0.00027624,0.99782950,0.00145233,0.00003436,0.00017063,0.00023694,1.16440725,43.83306885,0.01839701
D:\OneDrive\Desktop\TEP-VEA\EmotionROI\images\anger\249.jpg,0,5,0,0.03564396,0.00020109,0.00257815,0.01830509,0.00232029,0.94095141,0.55765951,21.11948013,0.01839701
D:\OneDrive\Desktop\TEP-VEA\EmotionROI\images\sadness\250.jpg,4,2,0,0.00112901,0.00800200,0.97990066,0.00016860,0.00935164,0.00144810,0.55384457,21.14191628,0.01839701
D:\OneDrive\Desktop\TEP-VEA\EmotionROI\images\anger\250.jpg,0,0,1,0.53054762,0.00347155,0.12668133,0.00039682,0.00382567,0.33507711,0.55067837,20.91802216,0.01839701
D:\OneDrive\Desktop\TEP-VEA\EmotionROI\images\anger\251.jpg,0,0,1,0.98111206,0.00104958,0.00271746,0.00259373,0.00870134,0.00382579,0.70674372,26.82369995,0.01839701
D:\OneDrive\Desktop\TEP-VEA\EmotionROI\images\fear\250.jpg,2,2,1,0.01393027,0.04294110,0.85933989,0.00030113,0.00223113,0.08125645,0.57622457,22.01951599,0.01839701
D:\OneDrive\Desktop\TEP-VEA\EmotionROI\images\fear\251.jpg,2,4,0,0.00412761,0.00936262,0.11542635,0.00042031,0.86994171,0.00072138,0.74227679,28.04348755,0.01839701
D:\OneDrive\Desktop\TEP-VEA\EmotionROI\images\disgust\250.jpg,1,1,1,0.00069595,0.96115166,0.00496099,0.00034048,0.00054322,0.03230766,0.60105908,22.75524902,0.01839701
D:\OneDrive\Desktop\TEP-VEA\EmotionROI\images\joy\250.jpg,3,5,0,0.00446229,0.00041028,0.00193510,0.08942669,0.00213756,0.90162808,0.50949299,19.20235062,0.01839701
D:\OneDrive\Desktop\TEP-VEA\EmotionROI\images\surprise\250.jpg,5,0,0,0.96041131,0.00063226,0.02875722,0.00011634,0.00152864,0.00855417,0.91605467,34.88057327,0.01839701
D:\OneDrive\Desktop\TEP-VEA\EmotionROI\images\disgust\251.jpg,1,1,1,0.00024706,0.99534696,0.00177003,0.00020060,0.00013465,0.00230066,0.95068061,35.90968704,0.01839701
D:\OneDrive\Desktop\TEP-VEA\EmotionROI\images\sadness\251.jpg,4,4,1,0.00972041,0.00006821,0.00033220,0.00044652,0.98708993,0.00234273,0.52250791,19.78724670,0.01839701
D:\OneDrive\Desktop\TEP-VEA\EmotionROI\images\surprise\251.jpg,5,5,1,0.00141433,0.00019386,0.00028878,0.01748892,0.00136344,0.97925067,0.84106958,31.26762009,0.01839701
D:\OneDrive\Desktop\TEP-VEA\EmotionROI\images\disgust\252.jpg,1,1,1,0.00029335,0.99575555,0.00061193,0.00014192,0.00017575,0.00302145,0.77744865,29.32891846,0.01839701
D:\OneDrive\Desktop\TEP-VEA\EmotionROI\images\joy\251.jpg,3,3,1,0.00077091,0.00047192,0.00064978,0.84350812,0.00374026,0.15085909,0.66518724,25.02667046,0.01839701
D:\OneDrive\Desktop\TEP-VEA\EmotionROI\images\anger\252.jpg,0,0,1,0.99169743,0.00022963,0.00093068,0.00013066,0.00048907,0.00652256,0.65638131,24.65399742,0.01839701
D:\OneDrive\Desktop\TEP-VEA\EmotionROI\images\joy\252.jpg,3,5,0,0.03359194,0.00694414,0.03313240,0.36495799,0.11842806,0.44294548,0.52395850,19.85680962,0.01839701
D:\OneDrive\Desktop\TEP-VEA\EmotionROI\images\fear\252.jpg,2,2,1,0.00120598,0.02187409,0.97523469,0.00006025,0.00036671,0.00125828,0.59127104,22.51829529,0.01839701
D:\OneDrive\Desktop\TEP-VEA\EmotionROI\images\sadness\252.jpg,4,0,0,0.66603792,0.00107102,0.04961360,0.00162713,0.27599338,0.00565698,0.61192077,23.16739273,0.01839701
D:\OneDrive\Desktop\TEP-VEA\EmotionROI\images\surprise\252.jpg,5,0,0,0.88798416,0.00023760,0.10610829,0.00011697,0.00369786,0.00185505,0.61810541,23.59111404,0.01839701
D:\OneDrive\Desktop\TEP-VEA\EmotionROI\images\disgust\253.jpg,1,0,0,0.41637751,0.01577404,0.11157342,0.11529197,0.28119761,0.05978548,0.57381260,21.88850403,0.01839701
D:\OneDrive\Desktop\TEP-VEA\EmotionROI\images\fear\253.jpg,2,2,1,0.00970519,0.00106810,0.98817062,0.00006519,0.00042133,0.00056967,0.61766410,23.54663086,0.01839701
D:\OneDrive\Desktop\TEP-VEA\EmotionROI\images\disgust\254.jpg,1,1,1,0.00009690,0.99843150,0.00046759,0.00003366,0.00015291,0.00081743,0.83560246,31.71490097,0.01839701
D:\OneDrive\Desktop\TEP-VEA\EmotionROI\images\joy\253.jpg,3,5,0,0.01048335,0.00077513,0.00337848,0.14624646,0.00673887,0.83237755,0.51874942,19.45940018,0.01839701
D:\OneDrive\Desktop\TEP-VEA\EmotionROI\images\sadness\253.jpg,4,4,1,0.04490403,0.00041138,0.01660540,0.00034643,0.93674344,0.00098920,0.51757038,19.77981186,0.01839701
D:\OneDrive\Desktop\TEP-VEA\EmotionROI\images\surprise\253.jpg,5,3,0,0.01035692,0.00177157,0.00108921,0.78212744,0.00214465,0.20251021,0.63778275,23.59920120,0.01839701
D:\OneDrive\Desktop\TEP-VEA\EmotionROI\images\anger\253.jpg,0,0,1,0.91934675,0.00150219,0.00298322,0.00092212,0.00203986,0.07320575,0.65560585,24.80622673,0.01839701
D:\OneDrive\Desktop\TEP-VEA\EmotionROI\images\fear\254.jpg,2,2,1,0.02730695,0.00115918,0.95282418,0.00128731,0.01461449,0.00280788,0.45362565,17.13329124,0.01839701
D:\OneDrive\Desktop\TEP-VEA\EmotionROI\images\anger\254.jpg,0,4,0,0.00473924,0.00058343,0.02550585,0.02258816,0.94092894,0.00565430,0.47627831,18.25517082,0.01839701
D:\OneDrive\Desktop\TEP-VEA\EmotionROI\images\fear\255.jpg,2,2,1,0.00840611,0.00069181,0.98698413,0.00004043,0.00377445,0.00010312,0.66580629,25.42189407,0.01839701
D:\OneDrive\Desktop\TEP-VEA\EmotionROI\images\anger\255.jpg,0,0,1,0.50222319,0.00185605,0.03005861,0.00437253,0.41719073,0.04429888,0.51060158,19.34034538,0.01839701
D:\OneDrive\Desktop\TEP-VEA\EmotionROI\images\joy\254.jpg,3,2,0,0.31549826,0.00226404,0.40951881,0.00133160,0.02501401,0.24637324,0.73864478,28.13460350,0.01839701
D:\OneDrive\Desktop\TEP-VEA\EmotionROI\images\sadness\254.jpg,4,5,0,0.00301802,0.00170265,0.00041512,0.01175975,0.00182240,0.98128200,0.75575960,28.28619385,0.01839701
D:\OneDrive\Desktop\TEP-VEA\EmotionROI\images\surprise\254.jpg,5,4,0,0.18537351,0.00406226,0.00998806,0.01292815,0.59005326,0.19759472,0.46934375,17.71552086,0.01839701
D:\OneDrive\Desktop\TEP-VEA\EmotionROI\images\sadness\255.jpg,4,4,1,0.02595352,0.00016230,0.01599357,0.00039070,0.95624864,0.00125129,0.44951916,17.19190788,0.01839701
D:\OneDrive\Desktop\TEP-VEA\EmotionROI\images\joy\255.jpg,3,3,1,0.00588077,0.00814832,0.00656107,0.65686601,0.00606777,0.31647608,0.64683622,24.48935699,0.01839701
D:\OneDrive\Desktop\TEP-VEA\EmotionROI\images\surprise\255.jpg,5,2,0,0.03763562,0.00072266,0.95102680,0.00006368,0.00982306,0.00072816,0.74677122,28.39848328,0.01839701
D:\OneDrive\Desktop\TEP-VEA\EmotionROI\images\disgust\255.jpg,1,1,1,0.00009539,0.99877483,0.00035196,0.00002607,0.00009474,0.00065700,0.99561548,37.32026672,0.01839701
D:\OneDrive\Desktop\TEP-VEA\EmotionROI\images\fear\256.jpg,2,1,0,0.00064984,0.97537190,0.02290287,0.00005879,0.00047596,0.00054057,1.03813839,39.48524475,0.01839701
D:\OneDrive\Desktop\TEP-VEA\EmotionROI\images\anger\256.jpg,0,0,1,0.99452847,0.00005106,0.00272485,0.00011444,0.00089106,0.00169021,0.59157193,22.48305321,0.01839701
D:\OneDrive\Desktop\TEP-VEA\EmotionROI\images\surprise\256.jpg,5,4,0,0.01273946,0.00130284,0.00486968,0.00641456,0.95995146,0.01472193,0.48541769,18.45780754,0.01839701
D:\OneDrive\Desktop\TEP-VEA\EmotionROI\images\disgust\256.jpg,1,1,1,0.00013805,0.99795496,0.00025025,0.00004610,0.00015238,0.00145829,0.98517811,37.06548691,0.01839701
D:\OneDrive\Desktop\TEP-VEA\EmotionROI\images\sadness\256.jpg,4,4,1,0.00681965,0.00014332,0.00591809,0.00864682,0.95523673,0.02323544,0.52526939,20.02376175,0.01839701
D:\OneDrive\Desktop\TEP-VEA\EmotionROI\images\joy\256.jpg,3,5,0,0.00609287,0.00035056,0.00073457,0.01200696,0.00068803,0.98012698,0.79010791,29.47148705,0.01839701
D:\OneDrive\Desktop\TEP-VEA\EmotionROI\images\anger\257.jpg,0,2,0,0.05544158,0.00058873,0.94083285,0.00011413,0.00218391,0.00083878,0.55290872,21.12288857,0.01839701
D:\OneDrive\Desktop\TEP-VEA\EmotionROI\images\disgust\257.jpg,1,1,1,0.00928482,0.97086316,0.01098557,0.00113904,0.00546466,0.00226276,0.50538963,18.94892883,0.01839701
D:\OneDrive\Desktop\TEP-VEA\EmotionROI\images\fear\257.jpg,2,2,1,0.00088775,0.32189852,0.67586333,0.00009370,0.00072637,0.00053035,0.75773752,28.92997551,0.01839701
D:\OneDrive\Desktop\TEP-VEA\EmotionROI\images\surprise\257.jpg,5,3,0,0.00045033,0.00022252,0.00035661,0.96921653,0.00760325,0.02215069,0.68242061,25.47044945,0.01839701
D:\OneDrive\Desktop\TEP-VEA\EmotionROI\images\joy\257.jpg,3,5,0,0.00120409,0.37460393,0.00415595,0.12355130,0.01276096,0.48372376,0.64612603,24.46885300,0.01839701
D:\OneDrive\Desktop\TEP-VEA\EmotionROI\images\sadness\257.jpg,4,2,0,0.00100882,0.00364465,0.99404585,0.00008477,0.00112354,0.00009234,0.56712836,21.55521774,0.01839701
D:\OneDrive\Desktop\TEP-VEA\EmotionROI\images\fear\258.jpg,2,1,0,0.00054224,0.97902054,0.01949015,0.00005848,0.00035602,0.00053268,0.79226339,30.09363556,0.01839701
D:\OneDrive\Desktop\TEP-VEA\EmotionROI\images\joy\258.jpg,3,1,0,0.00121118,0.96654075,0.00598130,0.00016976,0.00025721,0.02583982,0.72260374,27.20075035,0.01839701
D:\OneDrive\Desktop\TEP-VEA\EmotionROI\images\sadness\258.jpg,4,0,0,0.99472791,0.00007616,0.00291466,0.00019690,0.00100904,0.00107530,0.68135059,25.91900253,0.01839701
D:\OneDrive\Desktop\TEP-VEA\EmotionROI\images\surprise\258.jpg,5,3,0,0.04067793,0.00033019,0.00137015,0.83324879,0.00788394,0.11648904,0.53897625,20.27556419,0.01839701
D:\OneDrive\Desktop\TEP-VEA\EmotionROI\images\anger\258.jpg,0,5,0,0.00831029,0.00010763,0.00065412,0.00610274,0.00148598,0.98333919,0.70099878,26.37634850,0.01839701
D:\OneDrive\Desktop\TEP-VEA\EmotionROI\images\disgust\258.jpg,1,1,1,0.00007570,0.99869651,0.00041904,0.00002364,0.00008755,0.00069751,1.20490479,45.38167953,0.01839701
D:\OneDrive\Desktop\TEP-VEA\EmotionROI\images\anger\259.jpg,0,5,0,0.01730297,0.00197715,0.00161597,0.08327176,0.00096734,0.89486486,0.71992701,26.90112686,0.01839701
D:\OneDrive\Desktop\TEP-VEA\EmotionROI\images\sadness\259.jpg,4,2,0,0.05276310,0.00676811,0.66887581,0.00047661,0.26923022,0.00188621,0.55430561,21.17396355,0.01839701
D:\OneDrive\Desktop\TEP-VEA\EmotionROI\images\disgust\259.jpg,1,2,0,0.00132004,0.25098366,0.74525887,0.00012875,0.00154730,0.00076135,0.71162748,27.24329185,0.01839701
D:\OneDrive\Desktop\TEP-VEA\EmotionROI\images\anger\260.jpg,0,0,1,0.60888070,0.00248703,0.00266194,0.03370908,0.01544773,0.33681351,0.50009179,18.77404022,0.01839701
D:\OneDrive\Desktop\TEP-VEA\EmotionROI\images\surprise\259.jpg,5,5,1,0.09656817,0.00275601,0.01567995,0.01812737,0.01917717,0.84769136,0.65099043,24.57797813,0.01839701
D:\OneDrive\Desktop\TEP-VEA\EmotionROI\images\fear\259.jpg,2,0,0,0.96329576,0.00008226,0.02938839,0.00014005,0.00658192,0.00051154,0.68633336,26.21300888,0.01839701
D:\OneDrive\Desktop\TEP-VEA\EmotionROI\images\joy\259.jpg,3,5,0,0.00646715,0.00048660,0.00147983,0.10567652,0.00252138,0.88336855,0.61674738,23.10108566,0.01839701
D:\OneDrive\Desktop\TEP-VEA\EmotionROI\images\disgust\260.jpg,1,1,1,0.00007489,0.99886239,0.00030049,0.00003625,0.00014668,0.00057941,1.57408130,59.02440643,0.01839701
D:\OneDrive\Desktop\TEP-VEA\EmotionROI\images\fear\260.jpg,2,2,1,0.00105316,0.00044449,0.99683988,0.00004636,0.00134169,0.00027439,0.47427386,18.14207077,0.01839701
D:\OneDrive\Desktop\TEP-VEA\EmotionROI\images\fear\261.jpg,2,5,0,0.00284207,0.00013005,0.00079066,0.03520115,0.01083276,0.95020324,0.49928802,18.71735001,0.01839701
D:\OneDrive\Desktop\TEP-VEA\EmotionROI\images\anger\261.jpg,0,0,1,0.99526489,0.00003872,0.00311603,0.00013611,0.00039667,0.00104756,0.88112402,33.56233215,0.01839701
D:\OneDrive\Desktop\TEP-VEA\EmotionROI\images\surprise\260.jpg,5,3,0,0.00230430,0.00051938,0.00223406,0.48899874,0.34642124,0.15952232,0.63452369,24.14481926,0.01839701
D:\OneDrive\Desktop\TEP-VEA\EmotionROI\images\joy\260.jpg,3,2,0,0.07517711,0.00200639,0.76033580,0.02450985,0.10686012,0.03111078,0.52234113,19.83103180,0.01839701
D:\OneDrive\Desktop\TEP-VEA\EmotionROI\images\sadness\260.jpg,4,4,1,0.00691864,0.00064771,0.00346816,0.00023782,0.98844159,0.00028615,0.54938269,20.91854286,0.01839701
D:\OneDrive\Desktop\TEP-VEA\EmotionROI\images\disgust\261.jpg,1,1,1,0.00011768,0.99853837,0.00047402,0.00001999,0.00006642,0.00078354,0.87029707,32.95603180,0.01839701
D:\OneDrive\Desktop\TEP-VEA\EmotionROI\images\surprise\261.jpg,5,1,0,0.00962679,0.33951271,0.27092132,0.01401823,0.22171335,0.14420757,0.60479140,23.04002762,0.01839701
D:\OneDrive\Desktop\TEP-VEA\EmotionROI\images\joy\261.jpg,3,3,1,0.00133700,0.00035354,0.00106460,0.89113593,0.04551903,0.06059001,0.56500334,21.29786682,0.01839701
D:\OneDrive\Desktop\TEP-VEA\EmotionROI\images\sadness\261.jpg,4,4,1,0.03198345,0.00191895,0.18219718,0.00176904,0.77900058,0.00313085,0.51921672,19.72472572,0.01839701
D:\OneDrive\Desktop\TEP-VEA\EmotionROI\images\fear\262.jpg,2,0,0,0.60034060,0.00228497,0.02031869,0.18048812,0.13644044,0.06012716,0.46439719,17.38557434,0.01839701
D:\OneDrive\Desktop\TEP-VEA\EmotionROI\images\disgust\262.jpg,1,1,1,0.00006780,0.99834609,0.00040237,0.00002686,0.00010881,0.00104804,0.96035498,36.33110046,0.01839701
D:\OneDrive\Desktop\TEP-VEA\EmotionROI\images\anger\262.jpg,0,0,1,0.49911502,0.00046129,0.00201205,0.01720345,0.00834338,0.47286478,0.59450352,22.34521103,0.01839701
D:\OneDrive\Desktop\TEP-VEA\EmotionROI\images\disgust\263.jpg,1,1,1,0.00044745,0.99529666,0.00308372,0.00005872,0.00017003,0.00094342,0.67403352,25.50953674,0.01839701
D:\OneDrive\Desktop\TEP-VEA\EmotionROI\images\fear\263.jpg,2,1,0,0.00011609,0.99770254,0.00117741,0.00002306,0.00014438,0.00083646,0.77084869,29.37174606,0.01839701
D:\OneDrive\Desktop\TEP-VEA\EmotionROI\images\joy\262.jpg,3,3,1,0.00143827,0.00023471,0.00040035,0.93228859,0.02545983,0.04017825,0.70702475,26.38129997,0.01839701
D:\OneDrive\Desktop\TEP-VEA\EmotionROI\images\sadness\262.jpg,4,4,1,0.03047891,0.00027559,0.00235387,0.00021337,0.96625370,0.00042463,0.59292001,22.48926544,0.01839701
D:\OneDrive\Desktop\TEP-VEA\EmotionROI\images\surprise\262.jpg,5,5,1,0.00062827,0.00125231,0.00083549,0.00660348,0.00123986,0.98944062,0.70772398,26.75927544,0.01839701
D:\OneDrive\Desktop\TEP-VEA\EmotionROI\images\anger\263.jpg,0,5,0,0.44303492,0.00926547,0.01577054,0.02166535,0.01135773,0.49890602,0.39488041,14.85956192,0.01839701
D:\OneDrive\Desktop\TEP-VEA\EmotionROI\images\joy\263.jpg,3,3,1,0.00025366,0.00011802,0.00019477,0.98936999,0.00295197,0.00711162,0.70005739,26.31191635,0.01839701
D:\OneDrive\Desktop\TEP-VEA\EmotionROI\images\anger\264.jpg,0,0,1,0.89390808,0.00049612,0.01672285,0.00110757,0.00183590,0.08592940,0.70800328,26.71608543,0.01839701
D:\OneDrive\Desktop\TEP-VEA\EmotionROI\images\fear\264.jpg,2,5,0,0.11527281,0.00089133,0.07836159,0.00187328,0.01111448,0.79248649,0.43827671,16.45238876,0.01839701
D:\OneDrive\Desktop\TEP-VEA\EmotionROI\images\disgust\264.jpg,1,1,1,0.00019249,0.99607313,0.00152335,0.00007909,0.00018272,0.00194926,0.76008272,28.65665436,0.01839701
D:\OneDrive\Desktop\TEP-VEA\EmotionROI\images\sadness\263.jpg,4,4,1,0.00163666,0.00012266,0.00015351,0.00014611,0.99747688,0.00046416,0.61141431,23.23207664,0.01839701
D:\OneDrive\Desktop\TEP-VEA\EmotionROI\images\sadness\264.jpg,4,4,1,0.00043815,0.00009599,0.00032493,0.00387534,0.99325538,0.00201022,0.55539054,21.11953163,0.01839701
D:\OneDrive\Desktop\TEP-VEA\EmotionROI\images\surprise\263.jpg,5,5,1,0.00169320,0.00939102,0.00435990,0.00140573,0.00051934,0.98263079,0.57787931,21.62429810,0.01839701
D:\OneDrive\Desktop\TEP-VEA\EmotionROI\images\surprise\264.jpg,5,5,1,0.00197545,0.00565532,0.00102002,0.00911108,0.00041970,0.98181838,0.75327253,28.55898094,0.01839701
D:\OneDrive\Desktop\TEP-VEA\EmotionROI\images\joy\264.jpg,3,5,0,0.02391598,0.00137272,0.00761213,0.29526755,0.08841676,0.58341479,0.61960787,23.35951805,0.01839701
D:\OneDrive\Desktop\TEP-VEA\EmotionROI\images\fear\265.jpg,2,5,0,0.02498147,0.02420731,0.15987854,0.00226852,0.00119374,0.78747034,0.55502844,21.20736694,0.01839701
D:\OneDrive\Desktop\TEP-VEA\EmotionROI\images\anger\265.jpg,0,0,1,0.86349761,0.00020534,0.13278399,0.00005667,0.00286263,0.00059370,0.74280000,28.39674187,0.01839701
D:\OneDrive\Desktop\TEP-VEA\EmotionROI\images\surprise\265.jpg,5,3,0,0.00721496,0.07496990,0.02627237,0.44920540,0.09604865,0.34628871,0.55898869,21.32283401,0.01839701
D:\OneDrive\Desktop\TEP-VEA\EmotionROI\images\sadness\265.jpg,4,4,1,0.00124983,0.00008756,0.00042074,0.00128110,0.99638724,0.00057366,0.46204257,17.28854942,0.01839701
D:\OneDrive\Desktop\TEP-VEA\EmotionROI\images\disgust\265.jpg,1,1,1,0.00010194,0.99878591,0.00027073,0.00004053,0.00010900,0.00069199,1.46089399,54.91719055,0.01839701
D:\OneDrive\Desktop\TEP-VEA\EmotionROI\images\anger\266.jpg,0,4,0,0.00461791,0.00071440,0.00069396,0.39562109,0.57806534,0.02028732,0.65953076,24.50356674,0.01839701
D:\OneDrive\Desktop\TEP-VEA\EmotionROI\images\fear\266.jpg,2,2,1,0.00115496,0.00059674,0.99077356,0.00004480,0.00728918,0.00014078,0.56263852,21.30075836,0.01839701
D:\OneDrive\Desktop\TEP-VEA\EmotionROI\images\joy\265.jpg,3,5,0,0.00490009,0.00035481,0.00192404,0.33519107,0.02347267,0.63415736,0.59413147,22.29994011,0.01839701
D:\OneDrive\Desktop\TEP-VEA\EmotionROI\images\disgust\266.jpg,1,1,1,0.00017622,0.99669647,0.00060214,0.00006682,0.00013725,0.00232118,0.62630749,23.64505005,0.01839701
D:\OneDrive\Desktop\TEP-VEA\EmotionROI\images\joy\266.jpg,3,3,1,0.00344572,0.00088152,0.00150731,0.84013200,0.08884642,0.06518708,0.47040495,17.76374054,0.01839701
D:\OneDrive\Desktop\TEP-VEA\EmotionROI\images\sadness\266.jpg,4,4,1,0.09198162,0.00132244,0.10702513,0.00059362,0.79807937,0.00099784,0.58718169,22.44148064,0.01839701
D:\OneDrive\Desktop\TEP-VEA\EmotionROI\images\joy\267.jpg,3,3,1,0.00025965,0.00057963,0.00091494,0.97429591,0.00382557,0.02012428,0.65545785,24.85952377,0.01839701
D:\OneDrive\Desktop\TEP-VEA\EmotionROI\images\surprise\266.jpg,5,5,1,0.00052681,0.02362661,0.00210449,0.05174520,0.00118704,0.92080992,0.76342976,28.94887924,0.01839701
D:\OneDrive\Desktop\TEP-VEA\EmotionROI\images\sadness\267.jpg,4,4,1,0.00055135,0.00007097,0.00052935,0.00027345,0.99673575,0.00183912,0.62833118,23.76556778,0.01839701
D:\OneDrive\Desktop\TEP-VEA\EmotionROI\images\anger\267.jpg,0,5,0,0.00710322,0.00290436,0.00505506,0.01647704,0.00701984,0.96144044,0.54271114,20.57991791,0.01839701
D:\OneDrive\Desktop\TEP-VEA\EmotionROI\images\disgust\267.jpg,1,0,0,0.37731242,0.21493070,0.04741900,0.00871279,0.02416160,0.32746351,0.58929974,22.31036377,0.01839701
D:\OneDrive\Desktop\TEP-VEA\EmotionROI\images\fear\267.jpg,2,2,1,0.21282656,0.00186143,0.77252245,0.00088833,0.00493514,0.00696612,0.53647262,20.33024025,0.01839701
D:\OneDrive\Desktop\TEP-VEA\EmotionROI\images\surprise\267.jpg,5,5,1,0.03708025,0.14882192,0.11873471,0.00500070,0.03405403,0.65630835,0.53239936,20.02256775,0.01839701
D:\OneDrive\Desktop\TEP-VEA\EmotionROI\images\fear\268.jpg,2,2,1,0.00370765,0.00511543,0.94125432,0.00013922,0.04912700,0.00065640,0.66144466,25.32007599,0.01839701
D:\OneDrive\Desktop\TEP-VEA\EmotionROI\images\anger\268.jpg,0,0,1,0.97862262,0.00057992,0.00197360,0.00025194,0.00079646,0.01777552,0.68788171,26.00025177,0.01839701
D:\OneDrive\Desktop\TEP-VEA\EmotionROI\images\joy\268.jpg,3,3,1,0.00457626,0.00075339,0.00228306,0.47423932,0.04823544,0.46991256,0.47194850,17.76003838,0.01839701
D:\OneDrive\Desktop\TEP-VEA\EmotionROI\images\anger\269.jpg,0,0,1,0.97220832,0.00125479,0.00772934,0.00025081,0.00249507,0.01606171,0.66411972,25.29566193,0.01839701
D:\OneDrive\Desktop\TEP-VEA\EmotionROI\images\fear\269.jpg,2,2,1,0.01946632,0.00066819,0.95744234,0.00007431,0.02204860,0.00030019,0.58956879,22.66176224,0.01839701
D:\OneDrive\Desktop\TEP-VEA\EmotionROI\images\disgust\268.jpg,1,1,1,0.00013985,0.99831402,0.00050947,0.00010359,0.00019689,0.00073634,1.58931804,59.78847885,0.01839701
D:\OneDrive\Desktop\TEP-VEA\EmotionROI\images\disgust\269.jpg,1,0,0,0.98883176,0.00077616,0.00527666,0.00149006,0.00189965,0.00172574,0.65591002,24.97619629,0.01839701
D:\OneDrive\Desktop\TEP-VEA\EmotionROI\images\sadness\268.jpg,4,4,1,0.12550005,0.00021177,0.00780476,0.00052906,0.85606205,0.00989231,0.49144405,18.53754807,0.01839701
D:\OneDrive\Desktop\TEP-VEA\EmotionROI\images\surprise\268.jpg,5,3,0,0.00109616,0.00063526,0.00042147,0.83753943,0.00485345,0.15545423,0.89568794,33.50512695,0.01839701
D:\OneDrive\Desktop\TEP-VEA\EmotionROI\images\joy\269.jpg,3,3,1,0.02395806,0.00226471,0.01244491,0.77659225,0.10004530,0.08469483,0.59643281,22.76314545,0.01839701
D:\OneDrive\Desktop\TEP-VEA\EmotionROI\images\sadness\269.jpg,4,5,0,0.00191808,0.00101868,0.00209709,0.35274875,0.01077128,0.63144612,0.75080770,28.51337814,0.01839701
D:\OneDrive\Desktop\TEP-VEA\EmotionROI\images\surprise\269.jpg,5,5,1,0.00558456,0.00013018,0.00232033,0.01065636,0.00722601,0.97408253,0.48790044,18.36477280,0.01839701
D:\OneDrive\Desktop\TEP-VEA\EmotionROI\images\anger\270.jpg,0,0,1,0.83589280,0.00132746,0.00588509,0.00480188,0.00762038,0.14447239,0.48136187,18.05313492,0.01839701
D:\OneDrive\Desktop\TEP-VEA\EmotionROI\images\joy\270.jpg,3,3,1,0.15490101,0.00197287,0.01597905,0.64234185,0.04156926,0.14323595,0.51214921,19.45651627,0.01839701
D:\OneDrive\Desktop\TEP-VEA\EmotionROI\images\disgust\270.jpg,1,1,1,0.00016491,0.99876070,0.00036140,0.00003938,0.00010240,0.00057118,1.17832923,44.38322067,0.01839701
D:\OneDrive\Desktop\TEP-VEA\EmotionROI\images\fear\270.jpg,2,2,1,0.09479155,0.00793144,0.87047201,0.00044237,0.02287429,0.00348840,0.59222692,22.61497116,0.01839701
D:\OneDrive\Desktop\TEP-VEA\EmotionROI\images\sadness\270.jpg,4,4,1,0.03063942,0.00015541,0.00074895,0.00027656,0.96557260,0.00260705,0.60179615,23.00720978,0.01839701
D:\OneDrive\Desktop\TEP-VEA\EmotionROI\images\surprise\270.jpg,5,5,1,0.00437037,0.00031777,0.00237167,0.00277595,0.00080046,0.98936379,0.48999465,18.43256760,0.01839701
D:\OneDrive\Desktop\TEP-VEA\EmotionROI\images\joy\271.jpg,3,2,0,0.00376821,0.00091465,0.98799920,0.00018432,0.00590389,0.00122972,0.55644500,21.22806931,0.01839701
D:\OneDrive\Desktop\TEP-VEA\EmotionROI\images\sadness\271.jpg,4,4,1,0.00303224,0.00022270,0.00292455,0.00551057,0.98781836,0.00049164,0.55145049,21.06704330,0.01839701
D:\OneDrive\Desktop\TEP-VEA\EmotionROI\images\fear\271.jpg,2,2,1,0.06432047,0.00048856,0.93276215,0.00009721,0.00187980,0.00045174,0.58885002,22.64587402,0.01839701
D:\OneDrive\Desktop\TEP-VEA\EmotionROI\images\fear\272.jpg,2,3,0,0.00241912,0.00053895,0.00238903,0.66129780,0.10261376,0.23074140,0.61333919,22.96825409,0.01839701
D:\OneDrive\Desktop\TEP-VEA\EmotionROI\images\disgust\271.jpg,1,1,1,0.00039422,0.92682225,0.00065572,0.00061214,0.00024283,0.07127290,0.99438161,37.33672714,0.01839701
D:\OneDrive\Desktop\TEP-VEA\EmotionROI\images\anger\271.jpg,0,0,1,0.72605348,0.00275011,0.25081080,0.00026194,0.01978722,0.00033643,0.64069390,24.36091995,0.01839701
D:\OneDrive\Desktop\TEP-VEA\EmotionROI\images\surprise\271.jpg,5,5,1,0.00947281,0.00061616,0.01420723,0.06572656,0.22197837,0.68799889,0.74678171,27.76898003,0.01839701
D:\OneDrive\Desktop\TEP-VEA\EmotionROI\images\anger\272.jpg,0,0,1,0.91691732,0.00231584,0.01378038,0.01938849,0.02184867,0.02574927,0.53256077,20.36176491,0.01839701
D:\OneDrive\Desktop\TEP-VEA\EmotionROI\images\disgust\272.jpg,1,1,1,0.00011366,0.99885583,0.00038621,0.00002419,0.00008719,0.00053297,1.20093274,45.32928467,0.01839701
D:\OneDrive\Desktop\TEP-VEA\EmotionROI\images\surprise\272.jpg,5,5,1,0.09606332,0.00102374,0.00248282,0.03671255,0.00890647,0.85481113,0.39639556,14.92086792,0.01839701
D:\OneDrive\Desktop\TEP-VEA\EmotionROI\images\disgust\273.jpg,1,1,1,0.00008673,0.99795204,0.00036252,0.00009887,0.00011747,0.00138240,1.23757136,46.67376709,0.01839701
D:\OneDrive\Desktop\TEP-VEA\EmotionROI\images\joy\272.jpg,3,3,1,0.00057823,0.00025265,0.00052637,0.95995158,0.01313422,0.02555690,0.67870516,25.72905540,0.01839701
D:\OneDrive\Desktop\TEP-VEA\EmotionROI\images\sadness\272.jpg,4,4,1,0.00138901,0.00160684,0.01829318,0.00006201,0.97838551,0.00026348,0.73045129,27.78816795,0.01839701
D:\OneDrive\Desktop\TEP-VEA\EmotionROI\images\joy\273.jpg,3,3,1,0.00683274,0.00032222,0.00217334,0.92244095,0.05588211,0.01234866,0.53566253,20.23455048,0.01839701
D:\OneDrive\Desktop\TEP-VEA\EmotionROI\images\sadness\273.jpg,4,4,1,0.02976477,0.00112959,0.09816624,0.00023191,0.87022537,0.00048213,0.56192553,21.28574181,0.01839701
D:\OneDrive\Desktop\TEP-VEA\EmotionROI\images\surprise\273.jpg,5,5,1,0.01325266,0.00057572,0.00563188,0.00686364,0.00220541,0.97147071,0.49257290,18.62324905,0.01839701
D:\OneDrive\Desktop\TEP-VEA\EmotionROI\images\anger\273.jpg,0,2,0,0.27109960,0.00107144,0.49295360,0.00026516,0.23404332,0.00056687,0.67036009,25.72414398,0.01839701
D:\OneDrive\Desktop\TEP-VEA\EmotionROI\images\fear\273.jpg,2,2,1,0.00224879,0.00317301,0.99012744,0.00009247,0.00362522,0.00073307,0.72258466,27.49854660,0.01839701
D:\OneDrive\Desktop\TEP-VEA\EmotionROI\images\disgust\274.jpg,1,1,1,0.00014914,0.99785244,0.00031700,0.00005177,0.00016834,0.00146135,0.79282302,29.93292236,0.01839701
D:\OneDrive\Desktop\TEP-VEA\EmotionROI\images\joy\274.jpg,3,0,0,0.96383369,0.00013594,0.01020728,0.00027353,0.00169595,0.02385349,0.72038293,27.45933151,0.01839701
D:\OneDrive\Desktop\TEP-VEA\EmotionROI\images\fear\274.jpg,2,2,1,0.00136191,0.05767424,0.92485750,0.00097309,0.01177182,0.00336152,0.64297968,24.74569511,0.01839701
D:\OneDrive\Desktop\TEP-VEA\EmotionROI\images\disgust\275.jpg,1,1,1,0.00030252,0.99745792,0.00139902,0.00005419,0.00030675,0.00047951,0.71004432,26.83872604,0.01839701
D:\OneDrive\Desktop\TEP-VEA\EmotionROI\images\sadness\274.jpg,4,0,0,0.97789472,0.00007527,0.00392134,0.00017116,0.01724314,0.00069428,0.75789487,28.98022079,0.01839701
D:\OneDrive\Desktop\TEP-VEA\EmotionROI\images\anger\274.jpg,0,2,0,0.03447173,0.00095617,0.91292316,0.00008631,0.05129153,0.00027103,0.57194954,21.81249809,0.01839701
D:\OneDrive\Desktop\TEP-VEA\EmotionROI\images\fear\275.jpg,2,2,1,0.08605193,0.00321218,0.90182167,0.00015972,0.00800218,0.00075239,0.79093188,30.34187317,0.01839701
D:\OneDrive\Desktop\TEP-VEA\EmotionROI\images\anger\275.jpg,0,0,1,0.98868597,0.00005585,0.00823376,0.00005197,0.00062754,0.00234498,0.70434165,26.86833000,0.01839701
D:\OneDrive\Desktop\TEP-VEA\EmotionROI\images\surprise\274.jpg,5,2,0,0.01559665,0.04212226,0.87184143,0.00080805,0.02615322,0.04347846,0.50921071,19.31798744,0.01839701
D:\OneDrive\Desktop\TEP-VEA\EmotionROI\images\sadness\275.jpg,4,5,0,0.01310630,0.27226967,0.05312997,0.00562392,0.26759559,0.38827452,0.56435126,21.50736809,0.01839701
D:\OneDrive\Desktop\TEP-VEA\EmotionROI\images\sadness\276.jpg,4,4,1,0.01596765,0.00131807,0.44457409,0.00019449,0.53757453,0.00037120,0.61618084,23.49345779,0.01839701
D:\OneDrive\Desktop\TEP-VEA\EmotionROI\images\anger\276.jpg,0,5,0,0.02548645,0.00091460,0.02865831,0.02311747,0.42026258,0.50156057,0.74326062,27.87975311,0.01839701
D:\OneDrive\Desktop\TEP-VEA\EmotionROI\images\surprise\275.jpg,5,5,1,0.00419642,0.00010219,0.00029125,0.01447606,0.00135951,0.97957462,0.77751416,29.13464355,0.01839701
D:\OneDrive\Desktop\TEP-VEA\EmotionROI\images\surprise\276.jpg,5,5,1,0.00023954,0.00016371,0.00015957,0.00365224,0.00018687,0.99559814,0.64412594,24.19828415,0.01839701
D:\OneDrive\Desktop\TEP-VEA\EmotionROI\images\disgust\276.jpg,1,1,1,0.00011508,0.99887043,0.00028903,0.00005033,0.00011719,0.00055782,1.11512578,41.92588806,0.01839701
D:\OneDrive\Desktop\TEP-VEA\EmotionROI\images\fear\276.jpg,2,2,1,0.04719120,0.00053246,0.91154486,0.00017518,0.03913957,0.00141674,0.60389864,23.10863876,0.01839701
D:\OneDrive\Desktop\TEP-VEA\EmotionROI\images\joy\275.jpg,3,5,0,0.01606059,0.02802110,0.02479940,0.06549308,0.01833380,0.84729195,0.58491987,22.06123352,0.01839701
D:\OneDrive\Desktop\TEP-VEA\EmotionROI\images\joy\276.jpg,3,3,1,0.00047246,0.00033348,0.00119062,0.94819915,0.00902648,0.04077780,0.67395055,25.66543961,0.01839701
D:\OneDrive\Desktop\TEP-VEA\EmotionROI\images\anger\277.jpg,0,4,0,0.03241174,0.00021693,0.00124500,0.00015440,0.96499592,0.00097601,0.58461165,22.14389038,0.01839701
D:\OneDrive\Desktop\TEP-VEA\EmotionROI\images\fear\277.jpg,2,2,1,0.00118393,0.00113511,0.99649233,0.00002015,0.00103177,0.00013672,0.75581497,28.79085159,0.01839701
D:\OneDrive\Desktop\TEP-VEA\EmotionROI\images\sadness\277.jpg,4,4,1,0.00223989,0.00021500,0.00048501,0.00226049,0.96537417,0.02942553,0.52721852,19.83645821,0.01839701
D:\OneDrive\Desktop\TEP-VEA\EmotionROI\images\fear\278.jpg,2,2,1,0.05589856,0.00278194,0.91201091,0.00034615,0.02763464,0.00132778,0.56009638,21.02211761,0.01839701
D:\OneDrive\Desktop\TEP-VEA\EmotionROI\images\disgust\277.jpg,1,1,1,0.00085598,0.99366271,0.00413925,0.00003921,0.00032404,0.00097879,0.72389555,27.35126114,0.01839701
D:\OneDrive\Desktop\TEP-VEA\EmotionROI\images\anger\278.jpg,0,0,1,0.95467532,0.00032473,0.03106060,0.00020997,0.00077766,0.01295177,0.56682944,21.56384087,0.01839701
D:\OneDrive\Desktop\TEP-VEA\EmotionROI\images\joy\277.jpg,3,4,0,0.00081095,0.00032712,0.00161199,0.19878440,0.79679996,0.00166558,0.53552353,20.42842484,0.01839701
D:\OneDrive\Desktop\TEP-VEA\EmotionROI\images\surprise\277.jpg,5,5,1,0.00148602,0.01757443,0.00731014,0.04150381,0.00159565,0.93053001,0.78326720,29.50346756,0.01839701
D:\OneDrive\Desktop\TEP-VEA\EmotionROI\images\disgust\278.jpg,1,1,1,0.00015320,0.99685907,0.00033566,0.00016408,0.00039882,0.00208914,0.88659519,33.52095795,0.01839701
D:\OneDrive\Desktop\TEP-VEA\EmotionROI\images\anger\279.jpg,0,2,0,0.42059359,0.00154988,0.49334955,0.00035570,0.08371353,0.00043771,0.57083976,21.80467796,0.01839701
D:\OneDrive\Desktop\TEP-VEA\EmotionROI\images\sadness\278.jpg,4,4,1,0.03487810,0.00008888,0.00057028,0.00010519,0.96405137,0.00030622,0.61804748,23.50417137,0.01839701
D:\OneDrive\Desktop\TEP-VEA\EmotionROI\images\joy\278.jpg,3,4,0,0.05209416,0.00307724,0.01759131,0.26138550,0.36685482,0.29899698,0.54163933,20.51572418,0.01839701
D:\OneDrive\Desktop\TEP-VEA\EmotionROI\images\surprise\278.jpg,5,5,1,0.31849635,0.00134451,0.02062073,0.00366986,0.00129071,0.65457791,0.63901407,23.65317154,0.01839701
D:\OneDrive\Desktop\TEP-VEA\EmotionROI\images\disgust\279.jpg,1,4,0,0.00487866,0.03917235,0.00628077,0.32333061,0.58356404,0.04277352,0.76575512,29.11722374,0.01839701
D:\OneDrive\Desktop\TEP-VEA\EmotionROI\images\fear\279.jpg,2,0,0,0.73818755,0.00192394,0.22205015,0.00220419,0.01080921,0.02482502,0.49311349,18.67375565,0.01839701
D:\OneDrive\Desktop\TEP-VEA\EmotionROI\images\sadness\279.jpg,4,1,0,0.00134293,0.98136204,0.01360981,0.00008669,0.00131740,0.00228113,0.66722965,25.31146240,0.01839701
D:\OneDrive\Desktop\TEP-VEA\EmotionROI\images\surprise\279.jpg,5,5,1,0.00338018,0.00048196,0.00197175,0.00128093,0.00160713,0.99127805,0.50942039,19.26768112,0.01839701
D:\OneDrive\Desktop\TEP-VEA\EmotionROI\images\joy\279.jpg,3,3,1,0.00124792,0.00036479,0.00215053,0.94111311,0.02708939,0.02803428,0.53875303,20.45818138,0.01839701
D:\OneDrive\Desktop\TEP-VEA\EmotionROI\images\joy\280.jpg,3,3,1,0.00232880,0.00031448,0.00045215,0.97466177,0.00377115,0.01847160,0.60692751,22.74343681,0.01839701
D:\OneDrive\Desktop\TEP-VEA\EmotionROI\images\anger\280.jpg,0,0,1,0.55437756,0.00263931,0.25799975,0.00429097,0.08217159,0.09852085,0.53325588,20.22972298,0.01839701
D:\OneDrive\Desktop\TEP-VEA\EmotionROI\images\anger\281.jpg,0,0,1,0.69065630,0.00145585,0.00687362,0.00250376,0.00220849,0.29630193,0.69862604,26.43298721,0.01839701
D:\OneDrive\Desktop\TEP-VEA\EmotionROI\images\disgust\280.jpg,1,1,1,0.00009761,0.99645424,0.00272816,0.00003086,0.00019771,0.00049146,1.18468833,45.16088867,0.01839701
D:\OneDrive\Desktop\TEP-VEA\EmotionROI\images\fear\280.jpg,2,4,0,0.01153553,0.00054054,0.00755389,0.00017695,0.97996485,0.00022824,0.66023779,25.28929138,0.01839701
D:\OneDrive\Desktop\TEP-VEA\EmotionROI\images\fear\281.jpg,2,5,0,0.04273618,0.00113566,0.02781824,0.00265263,0.00383060,0.92182678,0.47806308,17.97195053,0.01839701
D:\OneDrive\Desktop\TEP-VEA\EmotionROI\images\sadness\280.jpg,4,3,0,0.02703118,0.00244108,0.03072710,0.53734785,0.18077871,0.22167408,0.45026419,17.21764755,0.01839701
D:\OneDrive\Desktop\TEP-VEA\EmotionROI\images\surprise\280.jpg,5,3,0,0.00059896,0.00020544,0.00026186,0.97855717,0.00572154,0.01465497,0.60190642,22.68299866,0.01839701
D:\OneDrive\Desktop\TEP-VEA\EmotionROI\images\disgust\281.jpg,1,1,1,0.00028050,0.99691260,0.00079212,0.00010706,0.00033210,0.00157558,0.78961599,29.88018799,0.01839701
D:\OneDrive\Desktop\TEP-VEA\EmotionROI\images\sadness\281.jpg,4,5,0,0.13982795,0.00076674,0.02018429,0.08445552,0.29689410,0.45787135,0.60901707,22.94551468,0.01839701
D:\OneDrive\Desktop\TEP-VEA\EmotionROI\images\fear\282.jpg,2,0,0,0.98944378,0.00009123,0.00822219,0.00005749,0.00081767,0.00136762,0.66913795,25.53904343,0.01839701
D:\OneDrive\Desktop\TEP-VEA\EmotionROI\images\disgust\282.jpg,1,1,1,0.00008676,0.99895477,0.00056597,0.00004527,0.00012617,0.00022103,1.37835646,52.24685669,0.01839701
D:\OneDrive\Desktop\TEP-VEA\EmotionROI\images\sadness\282.jpg,4,4,1,0.02308183,0.00014811,0.00026178,0.00028143,0.97593164,0.00029516,0.56664145,21.52951431,0.01839701
D:\OneDrive\Desktop\TEP-VEA\EmotionROI\images\joy\281.jpg,3,3,1,0.00036647,0.00018676,0.00031326,0.96620911,0.02565448,0.00726998,0.60588658,22.82846069,0.01839701
D:\OneDrive\Desktop\TEP-VEA\EmotionROI\images\anger\282.jpg,0,0,1,0.85441238,0.00077737,0.00270742,0.00479049,0.00116520,0.13614713,0.80053604,29.98996544,0.01839701
D:\OneDrive\Desktop\TEP-VEA\EmotionROI\images\surprise\281.jpg,5,3,0,0.04045759,0.00041751,0.00084613,0.86403596,0.02698550,0.06725727,0.59238118,22.37650681,0.01839701
D:\OneDrive\Desktop\TEP-VEA\EmotionROI\images\joy\282.jpg,3,3,1,0.00093928,0.00036539,0.00051111,0.86612636,0.00294074,0.12911709,0.53920639,20.21571922,0.01839701
D:\OneDrive\Desktop\TEP-VEA\EmotionROI\images\surprise\282.jpg,5,5,1,0.00254523,0.00015874,0.00071879,0.00300710,0.00133472,0.99223536,0.87293643,32.77625656,0.01839701
D:\OneDrive\Desktop\TEP-VEA\EmotionROI\images\joy\283.jpg,3,3,1,0.20802915,0.00172576,0.02938809,0.49309295,0.10256197,0.16520213,0.46430704,17.63145256,0.01839701
D:\OneDrive\Desktop\TEP-VEA\EmotionROI\images\fear\283.jpg,2,2,1,0.01899235,0.00075814,0.96474355,0.00015494,0.01483994,0.00051106,0.61650282,23.72391319,0.01839701
D:\OneDrive\Desktop\TEP-VEA\EmotionROI\images\sadness\283.jpg,4,4,1,0.01745649,0.00058088,0.00806690,0.01721220,0.88480979,0.07187366,0.51348555,19.46362305,0.01839701
D:\OneDrive\Desktop\TEP-VEA\EmotionROI\images\surprise\283.jpg,5,5,1,0.25016180,0.00524708,0.11892051,0.00053997,0.10344602,0.52168465,0.68469781,26.10687637,0.01839701
D:\OneDrive\Desktop\TEP-VEA\EmotionROI\images\disgust\283.jpg,1,1,1,0.00013637,0.99852067,0.00029346,0.00005918,0.00017364,0.00081668,1.08075380,40.55383301,0.01839701
D:\OneDrive\Desktop\TEP-VEA\EmotionROI\images\anger\283.jpg,0,0,1,0.96875620,0.00031151,0.02096074,0.00007471,0.00116110,0.00873585,0.65919250,25.06760406,0.01839701
D:\OneDrive\Desktop\TEP-VEA\EmotionROI\images\disgust\284.jpg,1,1,1,0.00749030,0.95344865,0.02995344,0.00015530,0.00320078,0.00575150,0.88444936,33.29328918,0.01839701
D:\OneDrive\Desktop\TEP-VEA\EmotionROI\images\fear\284.jpg,2,0,0,0.99314344,0.00005301,0.00503836,0.00002939,0.00051209,0.00122365,0.91844052,34.95824432,0.01839701
D:\OneDrive\Desktop\TEP-VEA\EmotionROI\images\anger\284.jpg,0,0,1,0.98496467,0.00013435,0.00194069,0.00048893,0.00576234,0.00670909,0.54048431,20.63912201,0.01839701
D:\OneDrive\Desktop\TEP-VEA\EmotionROI\images\joy\284.jpg,3,3,1,0.00116556,0.00082639,0.00139633,0.89290577,0.00492171,0.09878421,0.60976636,22.90489578,0.01839701
D:\OneDrive\Desktop\TEP-VEA\EmotionROI\images\disgust\285.jpg,1,1,1,0.00050999,0.99769044,0.00050675,0.00004621,0.00016437,0.00108213,0.91857308,34.38105011,0.01839701
D:\OneDrive\Desktop\TEP-VEA\EmotionROI\images\sadness\284.jpg,4,4,1,0.04202400,0.00025641,0.00064534,0.00046395,0.95634991,0.00026029,0.57647818,21.98195267,0.01839701
D:\OneDrive\Desktop\TEP-VEA\EmotionROI\images\anger\285.jpg,0,3,0,0.00324270,0.00145339,0.00188555,0.92059714,0.02136427,0.05145687,0.54340214,20.38204956,0.01839701
D:\OneDrive\Desktop\TEP-VEA\EmotionROI\images\surprise\284.jpg,5,5,1,0.07068974,0.00755589,0.01081618,0.00870256,0.00480646,0.89742917,0.57590252,21.77862549,0.01839701
D:\OneDrive\Desktop\TEP-VEA\EmotionROI\images\fear\285.jpg,2,1,0,0.01018855,0.58905625,0.30564860,0.00173875,0.00794748,0.08542039,0.55367887,21.07294846,0.01839701
D:\OneDrive\Desktop\TEP-VEA\EmotionROI\images\surprise\285.jpg,5,0,0,0.99193901,0.00009050,0.00386635,0.00006220,0.00152868,0.00251322,0.71428692,27.27042389,0.01839701
D:\OneDrive\Desktop\TEP-VEA\EmotionROI\images\joy\285.jpg,3,3,1,0.00059576,0.00024144,0.00047483,0.97377366,0.00677738,0.01813690,0.69342136,26.14985275,0.01839701
D:\OneDrive\Desktop\TEP-VEA\EmotionROI\images\sadness\285.jpg,4,0,0,0.92558599,0.00078745,0.01112339,0.00051944,0.06046859,0.00151515,0.58784664,22.51555634,0.01839701
D:\OneDrive\Desktop\TEP-VEA\EmotionROI\images\disgust\286.jpg,1,1,1,0.00008419,0.99906296,0.00041457,0.00002665,0.00012151,0.00029014,1.42633951,54.02905273,0.01839701
D:\OneDrive\Desktop\TEP-VEA\EmotionROI\images\fear\286.jpg,2,5,0,0.06464040,0.08645116,0.24554332,0.00274291,0.00373674,0.59688544,0.60620290,22.85680771,0.01839701
D:\OneDrive\Desktop\TEP-VEA\EmotionROI\images\sadness\286.jpg,4,4,1,0.00344203,0.00010712,0.00037589,0.00037561,0.99565792,0.00004135,0.50976753,19.32462692,0.01839701
D:\OneDrive\Desktop\TEP-VEA\EmotionROI\images\surprise\286.jpg,5,5,1,0.00405500,0.00063856,0.00047590,0.03560760,0.00058637,0.95863658,0.85960835,32.18283081,0.01839701
D:\OneDrive\Desktop\TEP-VEA\EmotionROI\images\fear\287.jpg,2,2,1,0.17064659,0.00755750,0.71054399,0.00453401,0.03167981,0.07503808,0.60849142,23.29225731,0.01839701
D:\OneDrive\Desktop\TEP-VEA\EmotionROI\images\joy\286.jpg,3,2,0,0.04429210,0.00308197,0.94289756,0.00083038,0.00803991,0.00085808,0.56601286,21.28730202,0.01839701
D:\OneDrive\Desktop\TEP-VEA\EmotionROI\images\anger\286.jpg,0,3,0,0.00108267,0.00060370,0.00069512,0.90377247,0.03212568,0.06172039,0.49567923,18.64556885,0.01839701
D:\OneDrive\Desktop\TEP-VEA\EmotionROI\images\anger\287.jpg,0,4,0,0.00343351,0.00016573,0.00026565,0.00039557,0.99553728,0.00020224,0.56528521,21.59188843,0.01839701
D:\OneDrive\Desktop\TEP-VEA\EmotionROI\images\disgust\287.jpg,1,2,0,0.00743451,0.00554075,0.98045969,0.00068435,0.00499963,0.00088113,0.56290078,21.46728897,0.01839701
D:\OneDrive\Desktop\TEP-VEA\EmotionROI\images\disgust\288.jpg,1,2,0,0.35808969,0.00973641,0.49980041,0.00557747,0.03001085,0.09678523,0.53445053,20.33420563,0.01839701
D:\OneDrive\Desktop\TEP-VEA\EmotionROI\images\surprise\287.jpg,5,4,0,0.00196894,0.00099381,0.00354783,0.01353147,0.97078347,0.00917446,0.50542259,19.22949600,0.01839701
D:\OneDrive\Desktop\TEP-VEA\EmotionROI\images\sadness\287.jpg,4,4,1,0.01145334,0.00078336,0.00246664,0.00043152,0.98374301,0.00112211,0.57348371,21.76789474,0.01839701
D:\OneDrive\Desktop\TEP-VEA\EmotionROI\images\surprise\288.jpg,5,4,0,0.00160784,0.01025933,0.00660835,0.15119746,0.80535126,0.02497586,0.59605271,22.54749680,0.01839701
D:\OneDrive\Desktop\TEP-VEA\EmotionROI\images\anger\288.jpg,0,5,0,0.00724931,0.01500064,0.02703643,0.07111004,0.02591295,0.85369051,0.49491844,18.75086212,0.01839701
D:\OneDrive\Desktop\TEP-VEA\EmotionROI\images\joy\287.jpg,3,3,1,0.00371139,0.00096062,0.00058741,0.88184178,0.00252418,0.11037464,0.60341513,22.56326103,0.01839701
D:\OneDrive\Desktop\TEP-VEA\EmotionROI\images\fear\288.jpg,2,4,0,0.00166303,0.00076230,0.00108733,0.00551253,0.98897797,0.00199684,0.52314591,19.90434647,0.01839701
D:\OneDrive\Desktop\TEP-VEA\EmotionROI\images\joy\288.jpg,3,3,1,0.00212348,0.00242437,0.01080180,0.73956472,0.01385810,0.23122755,0.53280914,20.20334435,0.01839701
D:\OneDrive\Desktop\TEP-VEA\EmotionROI\images\sadness\288.jpg,4,4,1,0.00615512,0.00060108,0.00484046,0.05936123,0.51320469,0.41583741,0.54546237,20.57644272,0.01839701
D:\OneDrive\Desktop\TEP-VEA\EmotionROI\images\disgust\289.jpg,1,1,1,0.00269271,0.73094898,0.24672462,0.00018309,0.00779132,0.01165928,0.62356156,23.76786613,0.01839701
D:\OneDrive\Desktop\TEP-VEA\EmotionROI\images\surprise\289.jpg,5,4,0,0.08188438,0.00147192,0.02879480,0.19619945,0.52806503,0.16358446,0.52899897,20.03538132,0.01839701
D:\OneDrive\Desktop\TEP-VEA\EmotionROI\images\disgust\290.jpg,1,1,1,0.00014855,0.99835736,0.00067136,0.00001891,0.00012255,0.00068123,0.89575619,33.71800232,0.01839701
D:\OneDrive\Desktop\TEP-VEA\EmotionROI\images\fear\289.jpg,2,2,1,0.00235810,0.00672238,0.97706181,0.00213229,0.00223050,0.00949488,0.62541467,23.84843826,0.01839701
D:\OneDrive\Desktop\TEP-VEA\EmotionROI\images\anger\289.jpg,0,0,1,0.97514874,0.00245349,0.00485202,0.00703949,0.00618725,0.00431902,0.65545774,24.81519127,0.01839701
D:\OneDrive\Desktop\TEP-VEA\EmotionROI\images\anger\290.jpg,0,0,1,0.48247746,0.04716666,0.38632888,0.00105633,0.07291034,0.01006031,0.59030187,22.32602692,0.01839701
D:\OneDrive\Desktop\TEP-VEA\EmotionROI\images\fear\290.jpg,2,2,1,0.00254244,0.00040250,0.99618834,0.00003766,0.00078595,0.00004315,0.63706934,24.31578445,0.01839701
D:\OneDrive\Desktop\TEP-VEA\EmotionROI\images\sadness\289.jpg,4,4,1,0.00112612,0.00008481,0.00024620,0.00026502,0.99817157,0.00010630,0.55531019,21.04315186,0.01839701
D:\OneDrive\Desktop\TEP-VEA\EmotionROI\images\joy\289.jpg,3,3,1,0.00183384,0.00060176,0.00153117,0.79585308,0.00648701,0.19369319,0.57585883,21.82331657,0.01839701
D:\OneDrive\Desktop\TEP-VEA\EmotionROI\images\sadness\290.jpg,4,4,1,0.00555863,0.00371678,0.15545903,0.00160077,0.83321172,0.00045310,0.67919302,26.02210617,0.01839701
D:\OneDrive\Desktop\TEP-VEA\EmotionROI\images\sadness\291.jpg,4,4,1,0.28725204,0.00274593,0.08719275,0.00092150,0.61912715,0.00276064,0.58272463,22.18308258,0.01839701
D:\OneDrive\Desktop\TEP-VEA\EmotionROI\images\anger\291.jpg,0,0,1,0.62570107,0.00277630,0.00644516,0.04920695,0.01112211,0.30474836,0.67965317,25.54738998,0.01839701
D:\OneDrive\Desktop\TEP-VEA\EmotionROI\images\fear\291.jpg,2,2,1,0.00197504,0.00678558,0.98907554,0.00003347,0.00198483,0.00014544,0.69892180,26.71029282,0.01839701
D:\OneDrive\Desktop\TEP-VEA\EmotionROI\images\joy\290.jpg,3,3,1,0.31687215,0.00108470,0.01324415,0.39539832,0.22513495,0.04826576,0.48666021,18.25254440,0.01839701
D:\OneDrive\Desktop\TEP-VEA\EmotionROI\images\surprise\290.jpg,5,5,1,0.01204390,0.00777181,0.02957460,0.00186770,0.00151194,0.94723010,0.61349714,22.76272392,0.01839701
D:\OneDrive\Desktop\TEP-VEA\EmotionROI\images\disgust\291.jpg,1,5,0,0.05396985,0.06507702,0.00733723,0.00540570,0.00785015,0.86036009,0.53335428,20.11109924,0.01839701
D:\OneDrive\Desktop\TEP-VEA\EmotionROI\images\surprise\291.jpg,5,5,1,0.00205725,0.03995636,0.00876229,0.01789727,0.00645304,0.92487389,0.60408998,22.73725510,0.01839701
D:\OneDrive\Desktop\TEP-VEA\EmotionROI\images\joy\291.jpg,3,3,1,0.14755476,0.00089965,0.03035022,0.41195980,0.34379619,0.06543937,0.64707786,24.34579086,0.01839701
D:\OneDrive\Desktop\TEP-VEA\EmotionROI\images\joy\292.jpg,3,5,0,0.00097354,0.00021606,0.00049021,0.00305300,0.00049167,0.99477553,0.61409509,23.14743614,0.01839701
D:\OneDrive\Desktop\TEP-VEA\EmotionROI\images\anger\292.jpg,0,0,1,0.48936981,0.00067569,0.00291784,0.03135232,0.38787779,0.08780651,0.52671975,19.90867996,0.01839701
D:\OneDrive\Desktop\TEP-VEA\EmotionROI\images\sadness\292.jpg,4,4,1,0.00141504,0.00006470,0.00019456,0.00036948,0.99648917,0.00146712,0.56925482,21.71599960,0.01839701
D:\OneDrive\Desktop\TEP-VEA\EmotionROI\images\fear\292.jpg,2,0,0,0.95463175,0.00066067,0.03684704,0.00006655,0.00108375,0.00671024,0.69320428,26.49886703,0.01839701
D:\OneDrive\Desktop\TEP-VEA\EmotionROI\images\surprise\292.jpg,5,3,0,0.00276712,0.00119401,0.00255987,0.73501259,0.17685555,0.08161087,0.56460899,21.43284607,0.01839701
D:\OneDrive\Desktop\TEP-VEA\EmotionROI\images\fear\293.jpg,2,0,0,0.71570814,0.00090095,0.25189832,0.00153583,0.01344932,0.01650747,0.55826020,21.17828751,0.01839701
D:\OneDrive\Desktop\TEP-VEA\EmotionROI\images\disgust\292.jpg,1,1,1,0.00007987,0.99860185,0.00053963,0.00005013,0.00013754,0.00059105,1.18441617,44.78945923,0.01839701
D:\OneDrive\Desktop\TEP-VEA\EmotionROI\images\disgust\293.jpg,1,1,1,0.00005876,0.99917847,0.00030564,0.00003231,0.00010667,0.00031812,0.92132473,34.43492508,0.01839701
D:\OneDrive\Desktop\TEP-VEA\EmotionROI\images\anger\293.jpg,0,0,1,0.77457529,0.00037022,0.00439132,0.00407152,0.18402350,0.03256814,0.78214902,29.89292717,0.01839701
D:\OneDrive\Desktop\TEP-VEA\EmotionROI\images\surprise\293.jpg,5,5,1,0.02068752,0.00053817,0.00305846,0.21684310,0.04078715,0.71808559,0.58286464,22.05615044,0.01839701
D:\OneDrive\Desktop\TEP-VEA\EmotionROI\images\sadness\293.jpg,4,4,1,0.01022363,0.00067625,0.25599575,0.00046638,0.73213041,0.00050759,0.55079144,21.12342453,0.01839701
D:\OneDrive\Desktop\TEP-VEA\EmotionROI\images\anger\294.jpg,0,5,0,0.00191327,0.00029400,0.00040199,0.04528698,0.00064872,0.95145506,0.75758064,28.39079094,0.01839701
D:\OneDrive\Desktop\TEP-VEA\EmotionROI\images\surprise\294.jpg,5,5,1,0.00248690,0.00109976,0.00151779,0.06746905,0.00728835,0.92013818,0.56896585,21.20659256,0.01839701
D:\OneDrive\Desktop\TEP-VEA\EmotionROI\images\joy\293.jpg,3,5,0,0.00535652,0.00394154,0.00302672,0.07839601,0.00768810,0.90159118,0.61702132,23.04816818,0.01839701
D:\OneDrive\Desktop\TEP-VEA\EmotionROI\images\sadness\294.jpg,4,4,1,0.01597761,0.00034379,0.01435503,0.00023078,0.96881044,0.00028242,0.58633697,22.27279663,0.01839701
D:\OneDrive\Desktop\TEP-VEA\EmotionROI\images\joy\294.jpg,3,3,1,0.01091805,0.00193415,0.00108246,0.69842076,0.01115883,0.27648568,0.62929630,23.72988701,0.01839701
D:\OneDrive\Desktop\TEP-VEA\EmotionROI\images\disgust\294.jpg,1,1,1,0.00039900,0.99552095,0.00211187,0.00004239,0.00023217,0.00169356,0.69686580,26.56780815,0.01839701
D:\OneDrive\Desktop\TEP-VEA\EmotionROI\images\fear\294.jpg,2,0,0,0.88919777,0.00039847,0.00080401,0.00400392,0.00262091,0.10297497,0.65181637,24.50137138,0.01839701
D:\OneDrive\Desktop\TEP-VEA\EmotionROI\images\fear\295.jpg,2,0,0,0.96320289,0.00021424,0.03401927,0.00015482,0.00118867,0.00122020,0.88290638,33.82292938,0.01839701
D:\OneDrive\Desktop\TEP-VEA\EmotionROI\images\anger\295.jpg,0,0,1,0.98834723,0.00011959,0.00866251,0.00004592,0.00245883,0.00036593,1.13319111,43.20331955,0.01839701
D:\OneDrive\Desktop\TEP-VEA\EmotionROI\images\sadness\295.jpg,4,4,1,0.10730948,0.00175459,0.09366072,0.00051586,0.79573715,0.00102223,0.50485229,18.98462677,0.01839701
D:\OneDrive\Desktop\TEP-VEA\EmotionROI\images\disgust\295.jpg,1,1,1,0.01058154,0.81108910,0.13760047,0.00167170,0.00621656,0.03284065,0.51354611,19.60447693,0.01839701
D:\OneDrive\Desktop\TEP-VEA\EmotionROI\images\surprise\295.jpg,5,0,0,0.83757854,0.00046766,0.04591467,0.00226678,0.00222323,0.11154909,0.83925122,31.74907684,0.01839701
D:\OneDrive\Desktop\TEP-VEA\EmotionROI\images\fear\296.jpg,2,0,0,0.55781311,0.01791107,0.38054943,0.00200208,0.04040843,0.00131583,0.65435016,24.86907768,0.01839701
D:\OneDrive\Desktop\TEP-VEA\EmotionROI\images\joy\295.jpg,3,5,0,0.00270608,0.00084047,0.00138203,0.15603054,0.00250857,0.83653241,0.57890832,21.69387054,0.01839701
D:\OneDrive\Desktop\TEP-VEA\EmotionROI\images\anger\296.jpg,0,1,0,0.00360656,0.91737169,0.00970052,0.00028502,0.00133673,0.06769953,0.68981755,25.94318008,0.01839701
D:\OneDrive\Desktop\TEP-VEA\EmotionROI\images\disgust\296.jpg,1,1,1,0.00031125,0.99702400,0.00048463,0.00004524,0.00009062,0.00204424,0.71320027,26.69139099,0.01839701
D:\OneDrive\Desktop\TEP-VEA\EmotionROI\images\surprise\296.jpg,5,2,0,0.08401608,0.00235943,0.63336313,0.00204680,0.01223571,0.26597887,0.56480724,21.60811424,0.01839701
D:\OneDrive\Desktop\TEP-VEA\EmotionROI\images\surprise\297.jpg,5,5,1,0.00176184,0.00030484,0.00080474,0.00867312,0.00102207,0.98743337,0.63025802,23.80142784,0.01839701
D:\OneDrive\Desktop\TEP-VEA\EmotionROI\images\fear\297.jpg,2,4,0,0.21365142,0.00263232,0.29580221,0.00098162,0.47785136,0.00908110,0.46411043,17.72526932,0.01839701
D:\OneDrive\Desktop\TEP-VEA\EmotionROI\images\sadness\296.jpg,4,4,1,0.00486456,0.00046346,0.00296426,0.10566639,0.87715256,0.00888873,0.57285702,21.75353050,0.01839701
D:\OneDrive\Desktop\TEP-VEA\EmotionROI\images\joy\296.jpg,3,3,1,0.00259598,0.00049270,0.00175845,0.82020217,0.01113028,0.16382034,0.55655545,21.04470825,0.01839701
D:\OneDrive\Desktop\TEP-VEA\EmotionROI\images\anger\297.jpg,0,0,1,0.99583650,0.00006198,0.00270981,0.00011060,0.00056282,0.00071823,0.74565566,28.44206047,0.01839701
D:\OneDrive\Desktop\TEP-VEA\EmotionROI\images\sadness\297.jpg,4,2,0,0.00807917,0.00147223,0.79784298,0.00032279,0.19208457,0.00019829,0.66598213,25.32839584,0.01839701
D:\OneDrive\Desktop\TEP-VEA\EmotionROI\images\disgust\297.jpg,1,1,1,0.00024070,0.99292916,0.00501489,0.00003533,0.00035947,0.00142056,1.39136362,52.58910751,0.01839701
D:\OneDrive\Desktop\TEP-VEA\EmotionROI\images\joy\297.jpg,3,3,1,0.00146209,0.00169316,0.00111362,0.72552371,0.00328214,0.26692533,0.72608495,27.16847610,0.01839701
D:\OneDrive\Desktop\TEP-VEA\EmotionROI\images\disgust\298.jpg,1,1,1,0.00012095,0.99904078,0.00030973,0.00002738,0.00007963,0.00042152,1.13988686,43.07749939,0.01839701
D:\OneDrive\Desktop\TEP-VEA\EmotionROI\images\fear\298.jpg,2,2,1,0.03557672,0.01154498,0.94523978,0.00010961,0.00647787,0.00105097,0.68583286,26.11453247,0.01839701
D:\OneDrive\Desktop\TEP-VEA\EmotionROI\images\disgust\299.jpg,1,1,1,0.00218315,0.92721194,0.06783668,0.00007245,0.00100641,0.00168935,0.79186285,30.10574913,0.01839701
D:\OneDrive\Desktop\TEP-VEA\EmotionROI\images\anger\298.jpg,0,0,1,0.97575140,0.00005269,0.01798354,0.00009355,0.00526715,0.00085166,0.86285853,32.94781494,0.01839701
D:\OneDrive\Desktop\TEP-VEA\EmotionROI\images\joy\298.jpg,3,5,0,0.00676033,0.00052852,0.00259065,0.00995623,0.00208080,0.97808343,0.52123594,19.68449211,0.01839701
D:\OneDrive\Desktop\TEP-VEA\EmotionROI\images\anger\299.jpg,0,0,1,0.96284431,0.00006097,0.03411238,0.00005231,0.00235118,0.00057884,0.85571480,32.89794540,0.01839701
D:\OneDrive\Desktop\TEP-VEA\EmotionROI\images\sadness\298.jpg,4,4,1,0.31092340,0.00307245,0.01188891,0.00291043,0.66781294,0.00339194,0.59535241,22.64384460,0.01839701
D:\OneDrive\Desktop\TEP-VEA\EmotionROI\images\fear\299.jpg,2,5,0,0.01741887,0.01111539,0.06547798,0.00349403,0.00953273,0.89296103,0.53898412,20.33067703,0.01839701
D:\OneDrive\Desktop\TEP-VEA\EmotionROI\images\surprise\298.jpg,5,0,0,0.98744488,0.00030361,0.00522981,0.00016124,0.00172609,0.00513430,0.66170496,25.25372124,0.01839701
D:\OneDrive\Desktop\TEP-VEA\EmotionROI\images\joy\299.jpg,3,3,1,0.00727611,0.00107914,0.00097123,0.92849380,0.00976421,0.05241556,0.53364986,20.04182816,0.01839701
D:\OneDrive\Desktop\TEP-VEA\EmotionROI\images\joy\300.jpg,3,3,1,0.00313328,0.00027195,0.00086366,0.94246978,0.01058763,0.04267372,0.54534733,20.42833328,0.01839701
D:\OneDrive\Desktop\TEP-VEA\EmotionROI\images\sadness\299.jpg,4,4,1,0.05449326,0.00031116,0.00298433,0.01623674,0.92073917,0.00523528,0.58804005,22.44620895,0.01839701
D:\OneDrive\Desktop\TEP-VEA\EmotionROI\images\surprise\299.jpg,5,5,1,0.03012371,0.00253448,0.00973636,0.00733652,0.00323717,0.94703180,0.60417312,22.83937073,0.01839701
D:\OneDrive\Desktop\TEP-VEA\EmotionROI\images\anger\300.jpg,0,2,0,0.20980386,0.00309804,0.78478789,0.00009705,0.00151324,0.00069992,0.95095336,36.43938065,0.01839701
D:\OneDrive\Desktop\TEP-VEA\EmotionROI\images\disgust\300.jpg,1,1,1,0.00039352,0.98572284,0.00041296,0.00019290,0.00028336,0.01299429,0.89167637,33.44693756,0.01839701
D:\OneDrive\Desktop\TEP-VEA\EmotionROI\images\surprise\300.jpg,5,5,1,0.00107902,0.00110915,0.00032831,0.45529050,0.00337380,0.53881919,0.85610908,31.86584854,0.01839701
D:\OneDrive\Desktop\TEP-VEA\EmotionROI\images\sadness\300.jpg,4,5,0,0.14673854,0.01073368,0.02029293,0.27870676,0.04293892,0.50058925,0.56100076,20.97166061,0.01839701
D:\OneDrive\Desktop\TEP-VEA\EmotionROI\images\fear\300.jpg,2,5,0,0.00537191,0.00139832,0.00192119,0.00764072,0.00082934,0.98283845,0.55140889,20.69296837,0.01839701
D:\OneDrive\Desktop\TEP-VEA\EmotionROI\images\anger\301.jpg,0,0,1,0.98801905,0.00003884,0.00522195,0.00009133,0.00142138,0.00520739,0.75148022,28.62918663,0.01839701
D:\OneDrive\Desktop\TEP-VEA\EmotionROI\images\disgust\301.jpg,1,1,1,0.00045344,0.99132478,0.00349291,0.00012607,0.00033333,0.00426940,0.75334585,28.45230675,0.01839701
D:\OneDrive\Desktop\TEP-VEA\EmotionROI\images\fear\301.jpg,2,4,0,0.00588792,0.00008223,0.00051803,0.00011520,0.99161434,0.00178235,0.48194751,18.31948090,0.01839701
D:\OneDrive\Desktop\TEP-VEA\EmotionROI\images\fear\302.jpg,2,5,0,0.03372587,0.00109805,0.29050195,0.00096834,0.01799888,0.65570688,0.49693403,18.78661537,0.01839701
D:\OneDrive\Desktop\TEP-VEA\EmotionROI\images\sadness\301.jpg,4,4,1,0.11867527,0.00039868,0.00228290,0.00035195,0.87627101,0.00202024,0.56197071,21.43233871,0.01839701
D:\OneDrive\Desktop\TEP-VEA\EmotionROI\images\disgust\302.jpg,1,1,1,0.00017475,0.99721801,0.00049243,0.00003906,0.00008509,0.00199056,0.86752266,32.52642441,0.01839701
D:\OneDrive\Desktop\TEP-VEA\EmotionROI\images\joy\301.jpg,3,3,1,0.00022954,0.00013075,0.00014403,0.99129629,0.00183257,0.00636683,0.67920470,25.47295761,0.01839701
D:\OneDrive\Desktop\TEP-VEA\EmotionROI\images\surprise\301.jpg,5,5,1,0.00759326,0.13442853,0.03361297,0.40195200,0.01190715,0.41050604,0.66223300,25.04450607,0.01839701
D:\OneDrive\Desktop\TEP-VEA\EmotionROI\images\anger\302.jpg,0,0,1,0.72294730,0.00181791,0.12483791,0.00220101,0.11399825,0.03419767,0.44970042,16.92478180,0.01839701
D:\OneDrive\Desktop\TEP-VEA\EmotionROI\images\joy\302.jpg,3,2,0,0.08089367,0.00966221,0.69209844,0.03110456,0.05480023,0.13144088,0.51574951,19.62197685,0.01839701
D:\OneDrive\Desktop\TEP-VEA\EmotionROI\images\anger\303.jpg,0,0,1,0.98327130,0.00100411,0.00326826,0.00167662,0.00273312,0.00804651,0.67863125,25.74151611,0.01839701
D:\OneDrive\Desktop\TEP-VEA\EmotionROI\images\disgust\303.jpg,1,1,1,0.00022033,0.99504954,0.00029904,0.00006780,0.00007795,0.00428525,0.87973350,32.67016602,0.01839701
D:\OneDrive\Desktop\TEP-VEA\EmotionROI\images\surprise\302.jpg,5,5,1,0.01393484,0.00020670,0.00132304,0.00127938,0.00039856,0.98285758,0.71426010,26.88684654,0.01839701
D:\OneDrive\Desktop\TEP-VEA\EmotionROI\images\fear\303.jpg,2,2,1,0.04094718,0.00036514,0.95596337,0.00004011,0.00196742,0.00071677,0.50410295,19.07727814,0.01839701
D:\OneDrive\Desktop\TEP-VEA\EmotionROI\images\sadness\302.jpg,4,4,1,0.00891807,0.00008361,0.00038883,0.00019958,0.99028122,0.00012870,0.49058387,18.68795395,0.01839701
D:\OneDrive\Desktop\TEP-VEA\EmotionROI\images\surprise\303.jpg,5,5,1,0.00129367,0.00047080,0.00080393,0.01330952,0.00077703,0.98334509,0.72484416,27.34933853,0.01839701
D:\OneDrive\Desktop\TEP-VEA\EmotionROI\images\sadness\303.jpg,4,4,1,0.01142344,0.00012783,0.00030833,0.00016120,0.98775125,0.00022797,0.57294381,21.77265739,0.01839701
D:\OneDrive\Desktop\TEP-VEA\EmotionROI\images\joy\303.jpg,3,1,0,0.01147172,0.93900681,0.01259745,0.00674280,0.00327121,0.02690992,0.65371096,24.58249474,0.01839701
D:\OneDrive\Desktop\TEP-VEA\EmotionROI\images\fear\304.jpg,2,2,1,0.01060134,0.00121626,0.97130954,0.00029864,0.01558181,0.00099243,0.54192048,20.64788055,0.01839701
D:\OneDrive\Desktop\TEP-VEA\EmotionROI\images\surprise\304.jpg,5,0,0,0.48396221,0.00029594,0.00736714,0.03631309,0.00404649,0.46801513,0.65518868,24.67216873,0.01839701
D:\OneDrive\Desktop\TEP-VEA\EmotionROI\images\disgust\304.jpg,1,1,1,0.00020482,0.99829048,0.00036622,0.00003576,0.00011705,0.00098567,0.76967448,28.90477562,0.01839701
D:\OneDrive\Desktop\TEP-VEA\EmotionROI\images\sadness\304.jpg,4,4,1,0.00931509,0.00018311,0.00229729,0.00009684,0.98784244,0.00026532,0.67925471,25.97884750,0.01839701
D:\OneDrive\Desktop\TEP-VEA\EmotionROI\images\anger\304.jpg,0,2,0,0.05831781,0.03260539,0.82687885,0.00032665,0.07711494,0.00475642,0.72913766,27.80120850,0.01839701
D:\OneDrive\Desktop\TEP-VEA\EmotionROI\images\anger\305.jpg,0,0,1,0.90927488,0.00011974,0.00699295,0.00025514,0.00393791,0.07941939,0.52521563,19.82525253,0.01839701
D:\OneDrive\Desktop\TEP-VEA\EmotionROI\images\disgust\305.jpg,1,1,1,0.00014616,0.99923182,0.00031611,0.00001365,0.00006231,0.00022991,1.28094649,47.98149109,0.01839701
D:\OneDrive\Desktop\TEP-VEA\EmotionROI\images\fear\305.jpg,2,1,0,0.00026020,0.99415511,0.00377298,0.00002315,0.00036099,0.00142758,0.71936697,27.35190201,0.01839701
D:\OneDrive\Desktop\TEP-VEA\EmotionROI\images\joy\304.jpg,3,3,1,0.00079635,0.00051632,0.00080450,0.97682524,0.00350385,0.01755375,0.64880210,24.53770256,0.01839701
D:\OneDrive\Desktop\TEP-VEA\EmotionROI\images\surprise\305.jpg,5,5,1,0.00992978,0.00027927,0.00404510,0.00121091,0.00151967,0.98301536,0.51181746,19.36143684,0.01839701
D:\OneDrive\Desktop\TEP-VEA\EmotionROI\images\sadness\305.jpg,4,4,1,0.01153256,0.00016974,0.00034126,0.00013413,0.98738897,0.00043326,0.49362144,18.68493652,0.01839701
D:\OneDrive\Desktop\TEP-VEA\EmotionROI\images\anger\306.jpg,0,2,0,0.00082009,0.00041835,0.99782842,0.00002088,0.00079424,0.00011802,0.64343691,24.56213379,0.01839701
D:\OneDrive\Desktop\TEP-VEA\EmotionROI\images\joy\305.jpg,3,3,1,0.01203388,0.00272242,0.00552435,0.60228765,0.02860780,0.34882390,0.51197994,19.12952232,0.01839701
D:\OneDrive\Desktop\TEP-VEA\EmotionROI\images\sadness\306.jpg,4,4,1,0.38721308,0.00261975,0.00664934,0.05818978,0.44181380,0.10351426,0.60302997,22.83152390,0.01839701
D:\OneDrive\Desktop\TEP-VEA\EmotionROI\images\disgust\306.jpg,1,1,1,0.00060405,0.91473454,0.00242603,0.00816407,0.00074375,0.07332753,1.00443041,37.88383102,0.01839701
D:\OneDrive\Desktop\TEP-VEA\EmotionROI\images\fear\306.jpg,2,4,0,0.00911745,0.00021776,0.00452165,0.00011286,0.98586988,0.00016045,0.51623094,19.75974846,0.01839701
D:\OneDrive\Desktop\TEP-VEA\EmotionROI\images\surprise\306.jpg,5,5,1,0.02765344,0.03118326,0.15037881,0.09735828,0.23597980,0.45744649,0.65163875,24.47659683,0.01839701
D:\OneDrive\Desktop\TEP-VEA\EmotionROI\images\joy\306.jpg,3,5,0,0.07905125,0.00112656,0.00492824,0.06612189,0.00169063,0.84708148,0.68508172,25.85230064,0.01839701
D:\OneDrive\Desktop\TEP-VEA\EmotionROI\images\fear\307.jpg,2,2,1,0.00208277,0.00743847,0.98664570,0.00006997,0.00081749,0.00294566,0.67695606,25.83446312,0.01839701
D:\OneDrive\Desktop\TEP-VEA\EmotionROI\images\sadness\307.jpg,4,4,1,0.01696226,0.00021145,0.00025095,0.00054837,0.98163819,0.00038869,0.50012928,19.02919006,0.01839701
D:\OneDrive\Desktop\TEP-VEA\EmotionROI\images\joy\307.jpg,3,5,0,0.03385170,0.00294792,0.06876934,0.04895372,0.02639817,0.81907916,0.51970243,19.67480850,0.01839701
D:\OneDrive\Desktop\TEP-VEA\EmotionROI\images\surprise\307.jpg,5,4,0,0.00319405,0.00025619,0.00025304,0.00217455,0.98959607,0.00452617,0.71097082,27.00643921,0.01839701
D:\OneDrive\Desktop\TEP-VEA\EmotionROI\images\disgust\307.jpg,1,0,0,0.63262171,0.08973242,0.17673674,0.00097266,0.04418891,0.05574749,0.52328384,19.74690819,0.01839701
D:\OneDrive\Desktop\TEP-VEA\EmotionROI\images\anger\307.jpg,0,2,0,0.09514630,0.00212441,0.81364202,0.00015179,0.08796023,0.00097522,0.52682322,20.02137756,0.01839701
D:\OneDrive\Desktop\TEP-VEA\EmotionROI\images\fear\308.jpg,2,2,1,0.00135789,0.00329726,0.98811752,0.00032671,0.00625474,0.00064594,0.53673518,20.46086121,0.01839701
D:\OneDrive\Desktop\TEP-VEA\EmotionROI\images\anger\308.jpg,0,0,1,0.95567715,0.00051918,0.03149374,0.00046344,0.00230705,0.00953953,0.53217721,20.25558281,0.01839701
D:\OneDrive\Desktop\TEP-VEA\EmotionROI\images\disgust\308.jpg,1,1,1,0.02105571,0.77363223,0.07501360,0.00345154,0.00920237,0.11764456,0.45933032,17.19673157,0.01839701
D:\OneDrive\Desktop\TEP-VEA\EmotionROI\images\sadness\308.jpg,4,4,1,0.09869125,0.00310611,0.42203191,0.00105782,0.47005299,0.00505998,0.61635220,23.51444054,0.01839701
D:\OneDrive\Desktop\TEP-VEA\EmotionROI\images\anger\309.jpg,0,0,1,0.66355723,0.00280214,0.00495277,0.01202168,0.17492068,0.14174548,0.52519989,19.91531754,0.01839701
D:\OneDrive\Desktop\TEP-VEA\EmotionROI\images\disgust\309.jpg,1,1,1,0.00020396,0.99206054,0.00124302,0.00008226,0.00018941,0.00622071,0.77588433,29.43443298,0.01839701
D:\OneDrive\Desktop\TEP-VEA\EmotionROI\images\surprise\308.jpg,5,5,1,0.00314954,0.41759586,0.00255426,0.00297317,0.00108464,0.57264256,0.69414425,26.10933304,0.01839701
D:\OneDrive\Desktop\TEP-VEA\EmotionROI\images\sadness\309.jpg,4,5,0,0.00813698,0.09378898,0.00319925,0.06517948,0.13037020,0.69932508,0.62966150,23.75608444,0.01839701
D:\OneDrive\Desktop\TEP-VEA\EmotionROI\images\fear\309.jpg,2,2,1,0.00324449,0.00041797,0.99561065,0.00003053,0.00059642,0.00009990,0.58321923,22.24104118,0.01839701
D:\OneDrive\Desktop\TEP-VEA\EmotionROI\images\joy\308.jpg,3,5,0,0.00551097,0.00072035,0.00073340,0.01347302,0.00162518,0.97793704,0.64419055,24.02754211,0.01839701
D:\OneDrive\Desktop\TEP-VEA\EmotionROI\images\surprise\309.jpg,5,5,1,0.00385587,0.00269935,0.00469596,0.29708737,0.02264713,0.66901439,0.73188293,27.50456619,0.01839701
D:\OneDrive\Desktop\TEP-VEA\EmotionROI\images\joy\309.jpg,3,5,0,0.00989900,0.00100279,0.00197484,0.18385279,0.00232816,0.80094242,0.61626315,23.18720627,0.01839701
D:\OneDrive\Desktop\TEP-VEA\EmotionROI\images\fear\310.jpg,2,2,1,0.00863578,0.00376612,0.98039609,0.00022591,0.00546745,0.00150870,0.55229366,21.09070206,0.01839701
D:\OneDrive\Desktop\TEP-VEA\EmotionROI\images\surprise\310.jpg,5,5,1,0.00063381,0.02139367,0.00092861,0.22468509,0.00111107,0.75124764,0.95341480,35.77340698,0.01839701
D:\OneDrive\Desktop\TEP-VEA\EmotionROI\images\disgust\310.jpg,1,4,0,0.12122658,0.00737506,0.02541616,0.01627561,0.61095226,0.21875437,0.66110605,24.89345551,0.01839701
D:\OneDrive\Desktop\TEP-VEA\EmotionROI\images\anger\310.jpg,0,0,1,0.99509758,0.00021752,0.00172749,0.00013183,0.00142885,0.00139673,0.60074723,22.80229568,0.01839701
D:\OneDrive\Desktop\TEP-VEA\EmotionROI\images\anger\311.jpg,0,0,1,0.97208673,0.00011226,0.01675208,0.00017710,0.00067718,0.01019453,0.61949778,23.39726067,0.01839701
D:\OneDrive\Desktop\TEP-VEA\EmotionROI\images\joy\310.jpg,3,3,1,0.00111035,0.00064637,0.00075095,0.96609384,0.00347758,0.02792094,0.60898697,22.81681061,0.01839701
D:\OneDrive\Desktop\TEP-VEA\EmotionROI\images\disgust\311.jpg,1,1,1,0.00055470,0.97312713,0.02164359,0.00011541,0.00050268,0.00405650,0.58905065,22.41546249,0.01839701
D:\OneDrive\Desktop\TEP-VEA\EmotionROI\images\sadness\310.jpg,4,4,1,0.01416965,0.00012516,0.00067429,0.00157476,0.98310745,0.00034868,0.45733595,17.24050522,0.01839701
D:\OneDrive\Desktop\TEP-VEA\EmotionROI\images\fear\311.jpg,2,4,0,0.02377556,0.00013158,0.01320225,0.00032589,0.96214652,0.00041817,0.69155085,26.45913696,0.01839701
D:\OneDrive\Desktop\TEP-VEA\EmotionROI\images\disgust\312.jpg,1,1,1,0.00021416,0.99755365,0.00089323,0.00003521,0.00009296,0.00121087,0.82989615,31.31695557,0.01839701
D:\OneDrive\Desktop\TEP-VEA\EmotionROI\images\surprise\311.jpg,5,5,1,0.00776982,0.00863544,0.00610404,0.03778968,0.00174490,0.93795615,0.74374670,27.72355461,0.01839701
D:\OneDrive\Desktop\TEP-VEA\EmotionROI\images\surprise\312.jpg,5,5,1,0.01024935,0.01068632,0.00783878,0.00430769,0.00181973,0.96509814,0.54613036,20.81864166,0.01839701
D:\OneDrive\Desktop\TEP-VEA\EmotionROI\images\fear\312.jpg,2,4,0,0.30814654,0.00046507,0.33513609,0.00047305,0.35317326,0.00260600,0.49013734,18.67848778,0.01839701
D:\OneDrive\Desktop\TEP-VEA\EmotionROI\images\sadness\311.jpg,4,4,1,0.00947079,0.00041672,0.00182446,0.28398272,0.64070946,0.06359581,0.54872972,20.66241264,0.01839701
D:\OneDrive\Desktop\TEP-VEA\EmotionROI\images\anger\312.jpg,0,0,1,0.83505809,0.01256021,0.01027092,0.01733457,0.01222341,0.11255277,0.51377177,19.46502495,0.01839701
D:\OneDrive\Desktop\TEP-VEA\EmotionROI\images\joy\311.jpg,3,3,1,0.13006429,0.00062444,0.00582331,0.51935369,0.27209035,0.07204398,0.50484771,18.98786163,0.01839701
D:\OneDrive\Desktop\TEP-VEA\EmotionROI\images\sadness\312.jpg,4,4,1,0.02820088,0.00597953,0.25374275,0.00507517,0.64811683,0.05888484,0.54513079,20.66711807,0.01839701
D:\OneDrive\Desktop\TEP-VEA\EmotionROI\images\joy\312.jpg,3,3,1,0.00427616,0.00149909,0.00189205,0.52180076,0.02294714,0.44758475,0.56693655,21.38884544,0.01839701
D:\OneDrive\Desktop\TEP-VEA\EmotionROI\images\fear\313.jpg,2,5,0,0.18412012,0.00339159,0.23908541,0.01065135,0.02254190,0.54020965,0.46163291,17.17462921,0.01839701
D:\OneDrive\Desktop\TEP-VEA\EmotionROI\images\joy\313.jpg,3,3,1,0.00018016,0.00017502,0.00013872,0.99490142,0.00230693,0.00229775,0.81490743,30.45576096,0.01839701
D:\OneDrive\Desktop\TEP-VEA\EmotionROI\images\anger\313.jpg,0,5,0,0.02433385,0.00671645,0.00181008,0.09716426,0.01003926,0.85993612,0.61515236,23.06804466,0.01839701
D:\OneDrive\Desktop\TEP-VEA\EmotionROI\images\surprise\313.jpg,5,3,0,0.00102843,0.00117812,0.00097321,0.78876960,0.00433566,0.20371494,0.66465390,24.93070030,0.01839701
D:\OneDrive\Desktop\TEP-VEA\EmotionROI\images\anger\314.jpg,0,0,1,0.98723143,0.00043726,0.00293500,0.00038088,0.00270648,0.00630899,0.62144136,23.49342346,0.01839701
D:\OneDrive\Desktop\TEP-VEA\EmotionROI\images\sadness\313.jpg,4,4,1,0.04987492,0.00088296,0.24301879,0.00021373,0.70504451,0.00096504,0.60065264,22.82543182,0.01839701
D:\OneDrive\Desktop\TEP-VEA\EmotionROI\images\disgust\313.jpg,1,1,1,0.00935929,0.74401581,0.00382257,0.00341440,0.00183935,0.23754850,0.66636574,24.99961472,0.01839701
D:\OneDrive\Desktop\TEP-VEA\EmotionROI\images\disgust\314.jpg,1,1,1,0.00387101,0.69972277,0.00627468,0.00200264,0.00188854,0.28624034,0.70033801,26.59500885,0.01839701
D:\OneDrive\Desktop\TEP-VEA\EmotionROI\images\fear\314.jpg,2,2,1,0.00614052,0.00040043,0.98489285,0.00014338,0.00820429,0.00021855,0.47574624,18.05573654,0.01839701
D:\OneDrive\Desktop\TEP-VEA\EmotionROI\images\disgust\315.jpg,1,1,1,0.00105944,0.80000746,0.19733134,0.00010315,0.00062722,0.00087134,0.83820957,31.74784660,0.01839701
D:\OneDrive\Desktop\TEP-VEA\EmotionROI\images\fear\315.jpg,2,2,1,0.09968769,0.00031937,0.88829023,0.00006564,0.01111764,0.00051942,0.71174091,27.20376587,0.01839701
D:\OneDrive\Desktop\TEP-VEA\EmotionROI\images\joy\314.jpg,3,3,1,0.00180472,0.00056933,0.00072982,0.96015871,0.00755586,0.02918149,0.69520187,26.25774765,0.01839701
D:\OneDrive\Desktop\TEP-VEA\EmotionROI\images\anger\315.jpg,0,0,1,0.99230278,0.00012011,0.00078500,0.00044073,0.00013044,0.00622094,0.69703758,26.51414108,0.01839701
D:\OneDrive\Desktop\TEP-VEA\EmotionROI\images\sadness\314.jpg,4,4,1,0.00109383,0.00012712,0.00027145,0.00013170,0.99804062,0.00033518,0.74184906,28.28006363,0.01839701
D:\OneDrive\Desktop\TEP-VEA\EmotionROI\images\sadness\315.jpg,4,4,1,0.09253928,0.00038191,0.00037468,0.00099275,0.90523809,0.00047328,0.48015624,18.20542908,0.01839701
D:\OneDrive\Desktop\TEP-VEA\EmotionROI\images\surprise\314.jpg,5,2,0,0.07339563,0.00454764,0.90486473,0.00175028,0.00848903,0.00695269,0.54587591,20.63506317,0.01839701
D:\OneDrive\Desktop\TEP-VEA\EmotionROI\images\surprise\315.jpg,5,5,1,0.01318571,0.00231680,0.00621378,0.00515827,0.00136692,0.97175848,0.56613809,21.22917175,0.01839701
D:\OneDrive\Desktop\TEP-VEA\EmotionROI\images\joy\315.jpg,3,5,0,0.01378908,0.00078855,0.00879517,0.06165431,0.05579406,0.85917884,0.56368530,21.36311913,0.01839701
D:\OneDrive\Desktop\TEP-VEA\EmotionROI\images\anger\316.jpg,0,4,0,0.12108216,0.00114899,0.10316703,0.00037308,0.77354956,0.00067914,0.57208616,21.66804504,0.01839701
D:\OneDrive\Desktop\TEP-VEA\EmotionROI\images\sadness\316.jpg,4,4,1,0.27479845,0.00030483,0.01870783,0.00042947,0.70499557,0.00076383,0.66730964,25.48985100,0.01839701
D:\OneDrive\Desktop\TEP-VEA\EmotionROI\images\fear\316.jpg,2,0,0,0.78522027,0.00566022,0.08826277,0.00719533,0.08336639,0.03029500,0.47387159,18.05651093,0.01839701
D:\OneDrive\Desktop\TEP-VEA\EmotionROI\images\fear\317.jpg,2,0,0,0.55902547,0.00071795,0.04795387,0.00127931,0.38473541,0.00628794,0.50580525,19.18073845,0.01839701
D:\OneDrive\Desktop\TEP-VEA\EmotionROI\images\surprise\316.jpg,5,5,1,0.10309496,0.00145266,0.00982650,0.06341532,0.01189147,0.81031907,0.54725426,20.73060417,0.01839701
D:\OneDrive\Desktop\TEP-VEA\EmotionROI\images\disgust\316.jpg,1,1,1,0.00011927,0.99866724,0.00032027,0.00006223,0.00011726,0.00071366,1.58416557,59.31018829,0.01839701
D:\OneDrive\Desktop\TEP-VEA\EmotionROI\images\joy\316.jpg,3,3,1,0.00020186,0.00022814,0.00015323,0.99416333,0.00223281,0.00302067,1.15078604,42.96431732,0.01839701
D:\OneDrive\Desktop\TEP-VEA\EmotionROI\images\anger\317.jpg,0,0,1,0.99048364,0.00005269,0.00794564,0.00005740,0.00066640,0.00079419,0.80197883,30.67487907,0.01839701
D:\OneDrive\Desktop\TEP-VEA\EmotionROI\images\disgust\317.jpg,1,1,1,0.00280239,0.96443385,0.02065618,0.00029976,0.00170726,0.01010059,0.74664372,28.31402969,0.01839701
D:\OneDrive\Desktop\TEP-VEA\EmotionROI\images\sadness\317.jpg,4,4,1,0.00638515,0.00016629,0.00011265,0.00043245,0.99274009,0.00016338,0.55069578,20.89839745,0.01839701
D:\OneDrive\Desktop\TEP-VEA\EmotionROI\images\sadness\318.jpg,4,2,0,0.06729097,0.01070757,0.54926991,0.00253677,0.11260815,0.25758669,0.54942679,21.01597595,0.01839701
D:\OneDrive\Desktop\TEP-VEA\EmotionROI\images\fear\318.jpg,2,2,1,0.00721281,0.00250466,0.93991458,0.00041414,0.04778800,0.00216579,0.57610965,21.98542404,0.01839701
D:\OneDrive\Desktop\TEP-VEA\EmotionROI\images\anger\318.jpg,0,0,1,0.99076313,0.00005295,0.00856232,0.00006032,0.00033670,0.00022453,0.77694738,29.70653915,0.01839701
D:\OneDrive\Desktop\TEP-VEA\EmotionROI\images\joy\317.jpg,3,3,1,0.00196430,0.00069448,0.00131297,0.53161174,0.00355127,0.46086517,0.64450854,24.07721519,0.01839701
D:\OneDrive\Desktop\TEP-VEA\EmotionROI\images\surprise\317.jpg,5,5,1,0.00079302,0.00732539,0.00158505,0.00217378,0.00039018,0.98773265,0.52817601,19.86071587,0.01839701
D:\OneDrive\Desktop\TEP-VEA\EmotionROI\images\joy\318.jpg,3,3,1,0.00230168,0.00016167,0.00031656,0.96739274,0.00562139,0.02420594,0.65749598,24.64840508,0.01839701
D:\OneDrive\Desktop\TEP-VEA\EmotionROI\images\surprise\318.jpg,5,5,1,0.02781739,0.00054919,0.00229199,0.05069308,0.00378231,0.91486603,0.56674004,21.35092545,0.01839701
D:\OneDrive\Desktop\TEP-VEA\EmotionROI\images\disgust\318.jpg,1,1,1,0.00016529,0.99080795,0.00205666,0.00011414,0.00013428,0.00672174,0.70303077,26.60231590,0.01839701
D:\OneDrive\Desktop\TEP-VEA\EmotionROI\images\anger\319.jpg,0,0,1,0.99155855,0.00006244,0.00469085,0.00006818,0.00175307,0.00186692,0.88057727,33.70884323,0.01839701
D:\OneDrive\Desktop\TEP-VEA\EmotionROI\images\joy\319.jpg,3,3,1,0.00173329,0.00095067,0.00077724,0.95554811,0.00290309,0.03808765,0.52930558,19.80580139,0.01839701
D:\OneDrive\Desktop\TEP-VEA\EmotionROI\images\fear\319.jpg,2,5,0,0.15824892,0.01166185,0.15260272,0.00109011,0.12739530,0.54900110,0.75953305,28.80170441,0.01839701
D:\OneDrive\Desktop\TEP-VEA\EmotionROI\images\sadness\319.jpg,4,4,1,0.00774744,0.00015986,0.00066668,0.00063319,0.99042344,0.00036933,0.48829588,18.47881126,0.01839701
D:\OneDrive\Desktop\TEP-VEA\EmotionROI\images\disgust\319.jpg,1,1,1,0.00007880,0.99857736,0.00026711,0.00004192,0.00008758,0.00094722,1.34880674,50.94010544,0.01839701
D:\OneDrive\Desktop\TEP-VEA\EmotionROI\images\surprise\319.jpg,5,5,1,0.00167138,0.00068148,0.00057165,0.01083688,0.00059061,0.98564804,0.66083920,24.94347954,0.01839701
D:\OneDrive\Desktop\TEP-VEA\EmotionROI\images\disgust\320.jpg,1,1,1,0.00019166,0.99457705,0.00423123,0.00002356,0.00017889,0.00079755,0.93860662,35.77401352,0.01839701
D:\OneDrive\Desktop\TEP-VEA\EmotionROI\images\anger\320.jpg,0,0,1,0.80969590,0.00053496,0.08434589,0.00019274,0.00362467,0.10160588,0.73810852,28.20379257,0.01839701
D:\OneDrive\Desktop\TEP-VEA\EmotionROI\images\fear\320.jpg,2,2,1,0.00471452,0.02062107,0.84430200,0.00039468,0.12917213,0.00079564,0.67149150,25.75733757,0.01839701
D:\OneDrive\Desktop\TEP-VEA\EmotionROI\images\disgust\321.jpg,1,1,1,0.00009383,0.99871409,0.00043691,0.00006089,0.00015631,0.00053797,1.59216833,59.83838654,0.01839701
D:\OneDrive\Desktop\TEP-VEA\EmotionROI\images\fear\321.jpg,2,0,0,0.85761476,0.00066073,0.13401175,0.00054419,0.00158109,0.00558755,0.72080773,27.55841064,0.01839701
D:\OneDrive\Desktop\TEP-VEA\EmotionROI\images\joy\320.jpg,3,3,1,0.00736635,0.00081788,0.00588332,0.76903981,0.01040640,0.20648618,0.52544022,19.75491714,0.01839701
D:\OneDrive\Desktop\TEP-VEA\EmotionROI\images\sadness\320.jpg,4,4,1,0.00438105,0.00009013,0.00013602,0.00060697,0.99431866,0.00046717,0.52256238,19.63156319,0.01839701
D:\OneDrive\Desktop\TEP-VEA\EmotionROI\images\surprise\320.jpg,5,5,1,0.00202772,0.00021544,0.00079231,0.01456397,0.00112181,0.98127878,0.68300050,25.70098686,0.01839701
D:\OneDrive\Desktop\TEP-VEA\EmotionROI\images\joy\321.jpg,3,5,0,0.02082395,0.00273248,0.00236041,0.24442814,0.00975920,0.71989584,0.56356800,21.12999344,0.01839701
D:\OneDrive\Desktop\TEP-VEA\EmotionROI\images\sadness\321.jpg,4,4,1,0.01438657,0.00040855,0.00302376,0.00016086,0.98178631,0.00023389,0.50539917,19.33419037,0.01839701
D:\OneDrive\Desktop\TEP-VEA\EmotionROI\images\surprise\321.jpg,5,3,0,0.00125298,0.00051331,0.00028442,0.69032282,0.00663380,0.30099270,0.76072264,28.22369385,0.01839701
D:\OneDrive\Desktop\TEP-VEA\EmotionROI\images\anger\321.jpg,0,0,1,0.99264091,0.00005899,0.00368430,0.00008660,0.00074442,0.00278484,0.74551976,28.50639343,0.01839701
D:\OneDrive\Desktop\TEP-VEA\EmotionROI\images\fear\322.jpg,2,2,1,0.02407421,0.00284280,0.95845848,0.00084366,0.01349692,0.00028392,0.52500618,19.96573067,0.01839701
D:\OneDrive\Desktop\TEP-VEA\EmotionROI\images\surprise\322.jpg,5,5,1,0.00099536,0.00171193,0.00053351,0.00822157,0.00041731,0.98812032,0.83415258,31.42084312,0.01839701
D:\OneDrive\Desktop\TEP-VEA\EmotionROI\images\anger\322.jpg,0,0,1,0.98722339,0.00021201,0.00285686,0.00020214,0.00131196,0.00819362,0.76039791,29.13452148,0.01839701
D:\OneDrive\Desktop\TEP-VEA\EmotionROI\images\disgust\322.jpg,1,0,0,0.52924597,0.13775522,0.14287280,0.00169173,0.08470375,0.10373056,0.62049329,23.65186119,0.01839701
D:\OneDrive\Desktop\TEP-VEA\EmotionROI\images\joy\322.jpg,3,3,1,0.00057153,0.00040262,0.00082493,0.92762506,0.00470527,0.06587059,0.54376042,20.56118584,0.01839701
D:\OneDrive\Desktop\TEP-VEA\EmotionROI\images\sadness\322.jpg,4,4,1,0.00404003,0.00011176,0.00360091,0.00060407,0.98841256,0.00323060,0.46265575,17.54606438,0.01839701
D:\OneDrive\Desktop\TEP-VEA\EmotionROI\images\anger\323.jpg,0,0,1,0.92891884,0.00131654,0.05417957,0.00039452,0.00865829,0.00653221,0.93991178,35.90673828,0.01839701
D:\OneDrive\Desktop\TEP-VEA\EmotionROI\images\fear\323.jpg,2,2,1,0.02053253,0.00098539,0.95720744,0.00060353,0.01818241,0.00248876,0.58529496,22.48860931,0.01839701
D:\OneDrive\Desktop\TEP-VEA\EmotionROI\images\disgust\323.jpg,1,1,1,0.00014325,0.99835384,0.00082721,0.00002358,0.00013279,0.00051940,1.00246561,37.78568649,0.01839701
D:\OneDrive\Desktop\TEP-VEA\EmotionROI\images\sadness\323.jpg,4,4,1,0.00172659,0.00046949,0.00050024,0.02261906,0.97384268,0.00084194,0.59603822,22.35550690,0.01839701
D:\OneDrive\Desktop\TEP-VEA\EmotionROI\images\disgust\324.jpg,1,1,1,0.00056989,0.99666709,0.00095577,0.00005211,0.00026472,0.00149038,0.59181881,22.40859604,0.01839701
D:\OneDrive\Desktop\TEP-VEA\EmotionROI\images\fear\324.jpg,2,0,0,0.98696101,0.00016387,0.00887083,0.00019559,0.00275490,0.00105386,0.66201663,25.17278671,0.01839701
D:\OneDrive\Desktop\TEP-VEA\EmotionROI\images\joy\323.jpg,3,3,1,0.00022771,0.00011675,0.00018676,0.98877919,0.00440438,0.00628517,0.73911136,27.95027733,0.01839701
D:\OneDrive\Desktop\TEP-VEA\EmotionROI\images\surprise\323.jpg,5,5,1,0.00284385,0.00043386,0.00055806,0.00564679,0.00117589,0.98934150,0.74844664,27.95836258,0.01839701
D:\OneDrive\Desktop\TEP-VEA\EmotionROI\images\sadness\324.jpg,4,4,1,0.00109960,0.00013493,0.00310844,0.00213647,0.99232507,0.00119555,0.72561729,27.59307861,0.01839701
D:\OneDrive\Desktop\TEP-VEA\EmotionROI\images\joy\324.jpg,3,3,1,0.00257648,0.00037582,0.00134384,0.89328963,0.01456971,0.08784455,0.60021585,22.57565880,0.01839701
D:\OneDrive\Desktop\TEP-VEA\EmotionROI\images\surprise\324.jpg,5,5,1,0.00157088,0.00430518,0.00248156,0.09132735,0.00482748,0.89548761,0.54951501,20.81946182,0.01839701
D:\OneDrive\Desktop\TEP-VEA\EmotionROI\images\anger\324.jpg,0,1,0,0.14328039,0.54383683,0.16276389,0.01533990,0.02475228,0.11002670,0.51293010,19.36910248,0.01839701
D:\OneDrive\Desktop\TEP-VEA\EmotionROI\images\anger\325.jpg,0,0,1,0.64018476,0.00235242,0.03309994,0.00317090,0.01068681,0.31050512,0.42574191,16.03535080,0.01839701
D:\OneDrive\Desktop\TEP-VEA\EmotionROI\images\disgust\325.jpg,1,2,0,0.00508184,0.00904797,0.98472160,0.00008277,0.00087105,0.00019481,0.68131447,26.07227135,0.01839701
D:\OneDrive\Desktop\TEP-VEA\EmotionROI\images\disgust\326.jpg,1,1,1,0.00037007,0.99692374,0.00206920,0.00007747,0.00021309,0.00034641,0.90009546,34.02662659,0.01839701
D:\OneDrive\Desktop\TEP-VEA\EmotionROI\images\surprise\325.jpg,5,5,1,0.00259666,0.00059931,0.00137178,0.00986640,0.00115056,0.98441523,0.57330859,21.80071640,0.01839701
D:\OneDrive\Desktop\TEP-VEA\EmotionROI\images\fear\325.jpg,2,0,0,0.97892326,0.00014745,0.00874249,0.00042295,0.00051070,0.01125326,0.64471722,24.22149467,0.01839701
D:\OneDrive\Desktop\TEP-VEA\EmotionROI\images\fear\326.jpg,2,4,0,0.07366017,0.00120672,0.02033542,0.00325791,0.83266741,0.06887237,0.63224447,23.84543419,0.01839701
D:\OneDrive\Desktop\TEP-VEA\EmotionROI\images\sadness\325.jpg,4,0,0,0.67101657,0.00100332,0.06930948,0.00081448,0.25699914,0.00085694,0.65061784,24.76299286,0.01839701
D:\OneDrive\Desktop\TEP-VEA\EmotionROI\images\joy\325.jpg,3,5,0,0.00475025,0.00555424,0.00707353,0.12340452,0.00901027,0.85020727,0.44520137,16.83928490,0.01839701
D:\OneDrive\Desktop\TEP-VEA\EmotionROI\images\anger\326.jpg,0,5,0,0.01172762,0.00201725,0.00413031,0.07221427,0.01135464,0.89855599,0.47428650,17.87054634,0.01839701
D:\OneDrive\Desktop\TEP-VEA\EmotionROI\images\sadness\326.jpg,4,0,0,0.85404253,0.00013690,0.01373754,0.00035714,0.10528373,0.02644222,0.62821031,23.99755859,0.01839701
D:\OneDrive\Desktop\TEP-VEA\EmotionROI\images\fear\327.jpg,2,2,1,0.00470428,0.00053899,0.99348181,0.00002497,0.00119619,0.00005376,0.70510519,27.03746605,0.01839701
D:\OneDrive\Desktop\TEP-VEA\EmotionROI\images\sadness\327.jpg,4,4,1,0.00386600,0.00017033,0.00024150,0.00020623,0.99497497,0.00054102,0.53538769,20.17611694,0.01839701
D:\OneDrive\Desktop\TEP-VEA\EmotionROI\images\joy\326.jpg,3,5,0,0.00091950,0.02234835,0.00264858,0.12670752,0.00608006,0.84129596,0.70133656,26.55299377,0.01839701
D:\OneDrive\Desktop\TEP-VEA\EmotionROI\images\surprise\326.jpg,5,5,1,0.00092121,0.00235903,0.00062047,0.00801327,0.00052672,0.98755926,0.90369147,33.91485977,0.01839701
D:\OneDrive\Desktop\TEP-VEA\EmotionROI\images\joy\327.jpg,3,5,0,0.00460026,0.00647548,0.03313934,0.22447449,0.02499525,0.70631522,0.56414181,21.35427856,0.01839701
D:\OneDrive\Desktop\TEP-VEA\EmotionROI\images\surprise\327.jpg,5,1,0,0.01501644,0.76058036,0.17598410,0.00017337,0.00139866,0.04684712,0.71405625,27.00405693,0.01839701
D:\OneDrive\Desktop\TEP-VEA\EmotionROI\images\disgust\327.jpg,1,1,1,0.00070751,0.53739363,0.45618653,0.00060121,0.00217937,0.00293172,0.68149877,25.91068649,0.01839701
D:\OneDrive\Desktop\TEP-VEA\EmotionROI\images\anger\327.jpg,0,0,1,0.98521662,0.00017753,0.01200119,0.00005537,0.00187031,0.00067892,0.86942375,32.99269867,0.01839701
D:\OneDrive\Desktop\TEP-VEA\EmotionROI\images\disgust\328.jpg,1,1,1,0.00040346,0.98950714,0.00891069,0.00002986,0.00021956,0.00092928,0.68949795,26.25077438,0.01839701
D:\OneDrive\Desktop\TEP-VEA\EmotionROI\images\sadness\328.jpg,4,2,0,0.00626940,0.00216019,0.97608632,0.00007218,0.01389893,0.00151297,0.65485680,25.08953857,0.01839701
D:\OneDrive\Desktop\TEP-VEA\EmotionROI\images\fear\328.jpg,2,5,0,0.00874759,0.00173925,0.00677180,0.05434828,0.00740038,0.92099285,0.49312741,18.64574242,0.01839701
D:\OneDrive\Desktop\TEP-VEA\EmotionROI\images\fear\329.jpg,2,2,1,0.00164546,0.00341314,0.98885506,0.00024251,0.00561083,0.00023295,0.59927583,22.67607880,0.01839701
D:\OneDrive\Desktop\TEP-VEA\EmotionROI\images\surprise\328.jpg,5,2,0,0.08153305,0.00175535,0.82903230,0.00051718,0.02924896,0.05791317,0.47274479,17.93493462,0.01839701
D:\OneDrive\Desktop\TEP-VEA\EmotionROI\images\anger\328.jpg,0,0,1,0.77780700,0.01399663,0.01942654,0.00094203,0.00157572,0.18625213,0.60305756,22.78733063,0.01839701
D:\OneDrive\Desktop\TEP-VEA\EmotionROI\images\anger\329.jpg,0,0,1,0.95609999,0.00006087,0.01798594,0.00021284,0.00172905,0.02391130,0.60871363,23.02000809,0.01839701
D:\OneDrive\Desktop\TEP-VEA\EmotionROI\images\joy\328.jpg,3,3,1,0.00041452,0.00022423,0.00023421,0.98936158,0.00320933,0.00655607,0.73956740,27.74093246,0.01839701
D:\OneDrive\Desktop\TEP-VEA\EmotionROI\images\disgust\329.jpg,1,1,1,0.00005434,0.99840337,0.00024869,0.00004896,0.00010274,0.00114200,1.07587457,40.53369904,0.01839701
D:\OneDrive\Desktop\TEP-VEA\EmotionROI\images\fear\330.jpg,2,2,1,0.29313263,0.00291468,0.37079531,0.00399469,0.01325750,0.31590518,0.56858075,21.54092026,0.01839701
D:\OneDrive\Desktop\TEP-VEA\EmotionROI\images\surprise\329.jpg,5,5,1,0.00901807,0.00080275,0.00429978,0.01669197,0.00806296,0.96112448,0.42694443,16.14071465,0.01839701
D:\OneDrive\Desktop\TEP-VEA\EmotionROI\images\surprise\330.jpg,5,3,0,0.01508466,0.00221557,0.00648084,0.72669643,0.02545582,0.22406666,0.51557177,19.46208763,0.01839701
D:\OneDrive\Desktop\TEP-VEA\EmotionROI\images\anger\330.jpg,0,0,1,0.98689950,0.00007603,0.01127809,0.00008207,0.00072598,0.00093839,0.76688623,29.29676819,0.01839701
D:\OneDrive\Desktop\TEP-VEA\EmotionROI\images\joy\329.jpg,3,5,0,0.00463985,0.00447568,0.00616112,0.02156161,0.00120646,0.96195531,0.65257776,24.59077263,0.01839701
D:\OneDrive\Desktop\TEP-VEA\EmotionROI\images\sadness\329.jpg,4,4,1,0.25013021,0.00605072,0.26499665,0.00116611,0.46882695,0.00882930,0.63108283,24.06458664,0.01839701
D:\OneDrive\Desktop\TEP-VEA\EmotionROI\images\disgust\330.jpg,1,1,1,0.00013148,0.99902701,0.00041555,0.00002167,0.00008551,0.00031878,0.84751171,31.97418785,0.01839701
D:\OneDrive\Desktop\TEP-VEA\EmotionROI\images\joy\330.jpg,3,2,0,0.02232265,0.05990533,0.81179851,0.00028472,0.09799086,0.00769793,0.59588617,22.77632904,0.01839701
D:\OneDrive\Desktop\TEP-VEA\EmotionROI\images\sadness\330.jpg,4,0,0,0.92881411,0.01271646,0.01907945,0.00080763,0.02456658,0.01401565,0.69316053,26.25224876,0.01839701
